timestamp,category,bug_type,exception,message,file,line,status,exit_code,timed_out,elapsed_sec,command,reason,input_hash,input_text,input_b64,crash_json,crash_bin
1775693153,,validity,ParseException,"Expected '.', found '5'  (at char 6), (line:1, col:7)",pyparsing/core.py,1340,success,0,False,0.975545,../IPv4-IPv6-parser/bin/linux-ipv4-parser --ipstr 128.255.254.63,bug:validity,9f8588795d97908eb6f0551ce7c0cd65,128.255.254.63,MTI4LjI1NS4yNTQuNjM=,,
1775693184,,functional,FunctionalBug,Invalid IPv4 calculation,buggy_ipyparse/ipv4_stv.py,134,success,0,False,0.903600,../IPv4-IPv6-parser/bin/linux-ipv4-parser --ipstr 63.63.193.0,bug:functional,f62a4ac88a57e57131bcda4345c1e438,63.63.193.0,NjMuNjMuMTkzLjA=,,
1775693198,,validity,ParseException,"Expected '.', found '5'  (at char 2), (line:1, col:3)",pyparsing/core.py,1340,success,0,False,0.949159,../IPv4-IPv6-parser/bin/linux-ipv4-parser --ipstr 255.255.255.255,bug:validity,eea88cd0d9a7ba26282fc786713bbbb6,255.255.255.255,MjU1LjI1NS4yNTUuMjU1,,
1775693293,,validity,ParseException,"Expected '.', found '55'  (at char 3), (line:1, col:4)",pyparsing/core.py,1340,success,0,False,0.944611,../IPv4-IPv6-parser/bin/linux-ipv4-parser --ipstr 20255.255.255.2550.198.228.207,bug:validity,907ae452327f372ad94059ed54e9b993,20255.255.255.2550.198.228.207,MjAyNTUuMjU1LjI1NS4yNTUwLjE5OC4yMjguMjA3,,
1775693294,,invalidity,ParseException,IPv4 tokenization failure,pyparsing/core.py,1340,success,0,False,1.001185,../IPv4-IPv6-parser/bin/linux-ipv4-parser --ipstr 448.34.28.41,bug:invalidity,88eb6e613dc425e1716d6c3f8cab47dd,448.34.28.41,NDQ4LjM0LjI4LjQx,,
1775693297,,invalidity,InvalidityBug,Malformed IPv4 structure,buggy_ipyparse/ipv4_stv.py,80,success,0,False,2.485212,../IPv4-IPv6-parser/bin/linux-ipv4-parser --ipstr 45.26.34.{9,bug:invalidity,2ff4639c324781fc6054bf458795b2a6,45.26.34.{9,NDUuMjYuMzQuezk=,,
1775693302,,validity,ParseException,"Expected '.', found '/'  (at char 2), (line:1, col:3)",pyparsing/core.py,1340,success,0,False,0.979941,../IPv4-IPv6-parser/bin/linux-ipv4-parser --ipstr 20//255.255.255.2550.198.228.207,bug:validity,3a2c36b8af870edfc226e17498ff740d,20//255.255.255.2550.198.228.207,MjAvLzI1NS4yNTUuMjU1LjI1NTAuMTk4LjIyOC4yMDc=,,
1775693421,,validity,ParseException,"Expected '.', found '5'  (at char 7), (line:1, col:8)",pyparsing/core.py,1340,success,0,False,0.952698,../IPv4-IPv6-parser/bin/linux-ipv4-parser --ipstr 155.1255.255.255.25544188.159,bug:validity,3396b006eb1c40062490b56098c4b9b6,155.1255.255.255.25544188.159,MTU1LjEyNTUuMjU1LjI1NS4yNTU0NBMxODguMTU5,,
1775693437,,validity,ParseException,"Expected '.', found '1255'  (at char 3), (line:1, col:4)",pyparsing/core.py,1340,success,0,False,0.938511,../IPv4-IPv6-parser/bin/linux-ipv4-parser --ipstr 1551255.255.255.25544188.159,bug:validity,20cedda93d5658a45ef0b26b7114e758,155�1255.255.255.25544188.159,MTU1gDEyNTUuMjU1LjI1NS4yNTU0NBMxODguMTU5,,
1775693442,,validity,ParseException,"Expected '.', found '$'  (at char 1), (line:1, col:2)",pyparsing/core.py,1340,success,0,False,0.957410,../IPv4-IPv6-parser/bin/linux-ipv4-parser --ipstr 6$.73.10.155.255.255 .198.228.207,bug:validity,e14304cda5eeeb4e9e5c80b72a223b8f,6$.73.10.155.255.255 .198.228.207,NiQuNzMuMTAuMTU1LjI1NS4yNTUgLjE5OC4yMjguMjA3,,
1775693592,,validity,ParseException,"Expected '.', found '_'  (at char 3), (line:1, col:4)",pyparsing/core.py,1340,success,0,False,0.955103,../IPv4-IPv6-parser/bin/linux-ipv4-parser --ipstr 168___.255.254.63,bug:validity,be4f83db31588de16ae80044842e7171,168___.255.254.63,MTY4X19fLjI1NS4yNTQuNjM=,,
1775693597,,validity,ParseException,"Expected '.', found '95'  (at char 3), (line:1, col:4)",pyparsing/core.py,1340,success,0,False,0.935848,"../IPv4-IPv6-parser/bin/linux-ipv4-parser --ipstr 20295.255.255.25,,50.198.228.207",bug:validity,b1adb58d24eae0bc5e9209da5f8e54d1,"20295.255.255.25,,50.198.228.207",MjAyOTUuMjU1LjI1NS4yNSwsNTAuMTk4LjIyOC4yMDc=,,
1775693599,,validity,ParseException,"Expected '.', found ' '  (at char 1), (line:1, col:2)",pyparsing/core.py,1340,success,0,False,0.960072,"../IPv4-IPv6-parser/bin/linux-ipv4-parser --ipstr 2			0295.255.255.25,,50.198.228.207",bug:validity,ab3f58ad803c930081a0066cc2631b3e,"2			0295.255.255.25,,50.198.228.207",MgkJCTAyOTUuMjU1LjI1NS4yNSwsNTAuMTk4LjIyOC4yMDc=,,
1775693603,,validity,ParseException,"Expected '.', found ' '  (at char 2), (line:1, col:3)",pyparsing/core.py,1340,success,0,False,0.954258,../IPv4-IPv6-parser/bin/linux-ipv4-parser --ipstr 66	.78.110.1255.255.550.198.228.07,bug:validity,002528aae596c1501bf432de2c24b3ee,66	.78.110.1255.255.�550.198.228.07,NjYJLjc4LjExMC4xMjU1LjI1NS7/NTUwLjE5OC4yMjgufzA3,,
1775693651,,validity,ParseException,"Expected '.', found ','  (at char 2), (line:1, col:3)",pyparsing/core.py,1340,success,0,False,0.917151,"../IPv4-IPv6-parser/bin/linux-ipv4-parser --ipstr 25,5.255.255.255",bug:validity,c3b268db6c26297ef5baee03af602001,"25,5.255.255.255",MjUsNS4yNTUuMjU1LjI1NQ==,,
1775693668,,validity,ParseException,"Expected '.', found '5'  (at char 10), (line:1, col:11)",pyparsing/core.py,1340,success,0,False,0.971784,../IPv4-IPv6-parser/bin/linux-ipv4-parser --ipstr 161.186.255.255.255.255164.182,bug:validity,e228c1b841e95f703c414e855c896ee9,161.186.255.255.255.255164.182,MTYxLjE4Ni4yNTUuMjU1LjI1NS4yNTUxNjQuMTgy,,
1775693715,,validity,ParseException,"Expected '.', found '5'  (at char 4), (line:1, col:5)",pyparsing/core.py,1340,success,0,False,0.951152,../IPv4-IPv6-parser/bin/linux-ipv4-parser --ipstr 5.255.25544188.159,bug:validity,57705d3688893496d342a5660a978a0a,5.255.25544188.159,NS4yNTUuMjU1NDQTMTg4LjE1OQ==,,
1775693716,,validity,ParseException,"Expected '.', found '5'  (at char 3), (line:1, col:4)",pyparsing/core.py,1340,success,0,False,0.936842,../IPv4-IPv6-parser/bin/linux-ipv4-parser --ipstr 2025.255.255.2550.198.2298.228.207,bug:validity,f1d2d1735fa9e7261051e18987884b67,2025�.255.255.2550.198.2298.228.207,MjAyNf8uMjU1LjI1NS4yNTUwLjE5OC4yMjk4LjIyOC4yMDc=,,
1775693742,,validity,ParseException,"Expected '.', found '255'  (at char 3), (line:1, col:4)",pyparsing/core.py,1340,success,0,False,0.958549,../IPv4-IPv6-parser/bin/linux-ipv4-parser --ipstr 151255.25____5.255.25544188.159,bug:validity,11cfe7092d11580734abf0df87e946e8,15�1255.25____5.255.25544188.159,MTX/MTI1NS4yNV9fX181LjI1NS4yNTU0NBMxODguMTU5,,
1775693773,,validity,ParseException,"Expected '.', found 'N255'  (at char 1), (line:1, col:2)",pyparsing/core.py,1340,success,0,False,0.935553,../IPv4-IPv6-parser/bin/linux-ipv4-parser --ipstr 2N255.255.25.2550.198.228.215.111.12////0.121,bug:validity,5f4ab579d988740dfe221316e9427671,2N255.255.25.2550.198.228.215.111.12////0.121,Mk4yNTUuMjU1LjI1HC4yNTUwLjE5OC4yMjguMjE1LjExMS4xMi8vLy8wLjEyMQ==,,
1775693783,,validity,ParseException,"Expected end of text, found 'r55'  (at char 10), (line:1, col:11)",pyparsing/core.py,1340,success,0,False,0.960465,../IPv4-IPv6-parser/bin/linux-ipv4-parser --ipstr 29.12.48.3r55.255.255.25544188.159,bug:validity,e061ee159e37e83213ab882793def364,29.12.48.3r55.255.255.25544188.159,MjkuMTIuNDguM3I1NS4yNTUuMjU1LjI1NTQ0EzE4OC4xNTk=,,
1775693791,,validity,ParseException,"Expected '.', found '<'  (at char 3), (line:1, col:4)",pyparsing/core.py,1340,success,0,False,0.951525,../IPv4-IPv6-parser/bin/linux-ipv4-parser --ipstr 202<.255.255.2550.198.2298.228.207,bug:validity,a29726ff5d29368ab01c80913238f267,202<�.255.255.2550.198.2298.228.207,MjAyPP8uMjU1LjI1NS4yNTUwLjE5OC4yMjk4LjIyOC4yMDc=,,
1775693805,,validity,ParseException,"Expected end of text, found '5'  (at char 11), (line:1, col:12)",pyparsing/core.py,1340,success,0,False,0.950372,../IPv4-IPv6-parser/bin/linux-ipv4-parser --ipstr 29.12.48.255.255.255.2553r55.255.255.25544188.159,bug:validity,5f304e6767fdcb75f09a443056f2f4cb,29.12.48.255.255.255.2553r55.255.255.25544188.159,MjkuMTIuNDguMjU1LjI1NS4yNTUuMjU1M3I1NS4yNTUuMjU1LjI1NTQ0EzE4OC4xNTk=,,
1775693812,,validity,ParseException,"Expected '.', found '<'  (at char 2), (line:1, col:3)",pyparsing/core.py,1340,success,0,False,0.941906,../IPv4-IPv6-parser/bin/linux-ipv4-parser --ipstr 22<.255.255.2550.198.2298.228.207,bug:validity,cafc608fbc49d752390bfe5d784d405a,2�2<�.255.255.2550.198.2298.228.207,Mv8yPP8uMjU1LjI1NS4yNTUwLjE5OC4yMjk4LjIyOC4yMDc=,,
1775693847,,validity,ParseException,"Expected '.', found 'N265'  (at char 1), (line:1, col:2)",pyparsing/core.py,1340,success,0,False,1.013491,../IPv4-IPv6-parser/bin/linux-ipv4-parser --ipstr 2N265.255.25.2550.198.228.215.111.12////0.121,bug:validity,846b56c35e63e34d26b1c0c4dc0c5e17,2N265.255.25.2550.198.228.215.111.12////0.121,Mk4yNjUuMjU1LjI1HC4yNTUwLjE5OC4yMjguMjE1LjExMS4xMi8vLy8wLjEyMQ==,,
1775693926,,validity,ParseException,"Expected end of text, found '.'  (at char 11), (line:1, col:12)",pyparsing/core.py,1340,success,0,False,1.620731,../IPv4-IPv6-parser/bin/linux-ipv4-parser --ipstr 29.29.29.29.12.48.3r55.255.255.25544188159,bug:validity,232b6dd5fa0413c231f531c3322636e4,29.29.29.29.12.48.3r55.255.255.25544188159,MjkuMjkuMjkuMjkuMTIuNDguM3I1NS4yNTUuMjU1LjI1NTQ0EzE4OAExNTk=,,
1775693950,,validity,ParseException,"Expected '.', found 'N265N255'  (at char 1), (line:1, col:2)",pyparsing/core.py,1340,success,0,False,0.930810,../IPv4-IPv6-parser/bin/linux-ipv4-parser --ipstr 2N265N255.25.2550.198.228.215.111.12////0.121,bug:validity,48f88274e833e3b9d82de5c196ba0e54,2N265N255.25.2550.198.228.215.111.12////0.121,Mk4yNjVOMjU1LjI1HC4yNTUwLjE5OC4yMjguMjE1LjExMS4xMi8vLy8wLjEyMQ==,,
1775693998,,validity,ParseException,"Expected end of text, found 'r5'  (at char 10), (line:1, col:11)",pyparsing/core.py,1340,success,0,False,0.913823,../IPv4-IPv6-parser/bin/linux-ipv4-parser --ipstr 29.12.48.3r5.255.25525544188.159,bug:validity,1b9a1a8f1d60a68c9c71766634aff672,29.12.48.3r5�.255.255�25544188.159,MjkuMTIuNDguM3I1/y4yNTUuMjU1/zI1NTQ0EzE4OC4xNTk=,,
1775694082,,validity,ParseException,"Expected '.', found '1r55'  (at char 3), (line:1, col:4)",pyparsing/core.py,1340,success,0,False,0.919371,../IPv4-IPv6-parser/bin/linux-ipv4-parser --ipstr 1551r55./////255.255.25544188.159,bug:validity,e875e830f15f1924eb4c9bac0979507e,1551r55./////255.255.25544188.159,MTU1MXI1NS4vLy8vLzI1NS4yNTUuMjU1NDQTMTg4LjE1OQ==,,
1775694089,,validity,ParseException,"Expected '.', found '\x10'  (at char 1), (line:1, col:2)",pyparsing/core.py,1340,success,0,False,0.923192,../IPv4-IPv6-parser/bin/linux-ipv4-parser --ipstr 2255.@55.255.}2530.198.228.207,bug:validity,fdd65cfd97ae618eb1f32a617e0807b8,2255.@55.255.}2530.198.228.207,MhAyNTUuQDU1LjI1NS59MjUzMC4xOTguMjI4LjIwNw==,,
1775694113,,validity,ParseException,"Expected '.', found '2550'  (at char 3), (line:1, col:4)",pyparsing/core.py,1340,success,0,False,0.972237,../IPv4-IPv6-parser/bin/linux-ipv4-parser --ipstr 1282550.198.228.207,bug:validity,0bd6264f9cb277a75b1583ef29a35eab,1282550.198.228.207,MTI4MjU1MC4xOTguMjI4LjIwNw==,,
1775694215,,validity,ParseException,"Expected '.', found '1'  (at char 3), (line:1, col:4)",pyparsing/core.py,1340,success,0,False,0.902076,../IPv4-IPv6-parser/bin/linux-ipv4-parser --ipstr 155155.25____5.255.25544188.159,bug:validity,1baaa7c00057ee04a12dafd25521696c,155155.25____5.255.25544188.159,MTU1MX81NS4yNV9fX181LjI1NS4yNTU0NBMxODguMTU5,,
1775694223,,validity,ParseException,"Expected '.', found '125u'  (at char 3), (line:1, col:4)",pyparsing/core.py,1340,success,0,False,0.926360,../IPv4-IPv6-parser/bin/linux-ipv4-parser --ipstr 155125u.255.255.25544188.159,bug:validity,18b6225a6c5b233fed785ea2edf44243,155�125u.255.255.25544188.159,MTU1gDEyNXUuMjU1LjI1NS4yNTU0NBMxODguMTU5,,
1775694242,,validity,ParseException,"Expected '.', found '95255'  (at char 3), (line:1, col:4)",pyparsing/core.py,1340,success,0,False,2.437658,"../IPv4-IPv6-parser/bin/linux-ipv4-parser --ipstr 20295255.255.25},,50.198.228.207",bug:validity,c542036e58724e0620892892107a7687,"20295�255.255.25},,50.198.228.207",MjAyOTX/MjU1LjI1NS4yNX0sLDUwLjE5OC4yMjguMjA3,,
1775694282,,validity,ParseException,"Expected '.', found '292929'  (at char 8), (line:1, col:9)",pyparsing/core.py,1340,success,0,False,0.948733,../IPv4-IPv6-parser/bin/linux-ipv4-parser --ipstr 29.29.29292929.29.12.48.3r:5.255.255.25544188159,bug:validity,8b5ea891abb27ce9b2939325ef4b8eea,29.29.29292929.29.12.48.3r:5.255.255.25544188159,MjkuMjkuMjkyOTI5MjkuMjkuMTIuNDguM3I6NS4yNTUuMjU1LjI1NTQ0EzE4OAExNTk=,,
1775694293,,validity,ParseException,"Expected '.', found '/'  (at char 1), (line:1, col:2)",pyparsing/core.py,1340,success,0,False,0.946593,../IPv4-IPv6-parser/bin/linux-ipv4-parser --ipstr 1//51255.25____5.255.2544188.159,bug:validity,a596dc630d35260fbfdcdca5318ffa1e,1//51255.25____5.255.2544188.159,MS8vNTEyNTUuMjVfX19fNS4yNTUuMjV/NDQTMTg4LjE1OQ==,,
1775694302,,validity,ParseException,"Expected end of text, found '_'  (at char 11), (line:1, col:12)",pyparsing/core.py,1340,success,0,False,0.975426,../IPv4-IPv6-parser/bin/linux-ipv4-parser --ipstr 29.29.29.29__.12.+8.3r55.255.255.25544188159,bug:validity,7549624b1099910e5963be9225b80f82,29.29.29.29__.12.+8.3r55.255.255.25544188159,MjkuMjkuMjkuMjlfXy4xMi4rOC4zcjU1LjI1NS4yNTUuMjU1NDQTMTg4ATE1OQ==,,
1775694306,,validity,ParseException,"Expected '.', found '\x01'  (at char 2), (line:1, col:3)",pyparsing/core.py,1340,success,0,False,0.943453,../IPv4-IPv6-parser/bin/linux-ipv4-parser --ipstr 2055.@55.255.}2530.198.228.207,bug:validity,6048f71b8de0049d94246d97b0b8f9c0,2055.@55.255.}2530.198.228.207,MjABNTUuQDU1LjI1NS59MjUzMC4xOTguMjI4LjIwNw==,,
1775694308,,validity,ParseException,"Expected '.', found '555255'  (at char 3), (line:1, col:4)",pyparsing/core.py,1340,success,0,False,0.986353,../IPv4-IPv6-parser/bin/linux-ipv4-parser --ipstr 202555255.255n2550.198228.27____,bug:validity,061381db8961e759d3a3d5aa01548c86,202555255.255n2550.198�228.2�7____,MjAyNTU1MjU1LjI1NW4yNTUwLjE5OP8yMjguMv83X19fXw==,,
1775694316,,validity,ParseException,"Expected '.', found '""'  (at char 2), (line:1, col:3)",pyparsing/core.py,1340,success,0,False,0.998801,"../IPv4-IPv6-parser/bin/linux-ipv4-parser --ipstr 20""5.255.255.2550.198.2298.228.207",bug:validity,f01ce0c43d5955851c96753f1f8a3cbc,"20""5�.255.255.2550.198.2298.228.207",MjAiNf8uMjU1LjI1NS4yNTUwLjE5OC4yMjk4LjIyOC4yMDc=,,
1775694333,,validity,ParseException,"Expected '.', found '511'  (at char 7), (line:1, col:8)",pyparsing/core.py,1340,success,0,False,0.933691,../IPv4-IPv6-parser/bin/linux-ipv4-parser --ipstr 155.125511,bug:validity,f9a09c45a95f4623cdf860e2522789ba,155.125511,MTU1LjEyNTUxMQ==,,
1775694351,,validity,ParseException,"Expected '.', found 'u5'  (at char 3), (line:1, col:4)",pyparsing/core.py,1340,success,0,False,0.923454,../IPv4-IPv6-parser/bin/linux-ipv4-parser --ipstr 202u5.055.255.255 .$98.228.207,bug:validity,fa3c830a3c45c3fce9c8c078899da7d7,202u5.055.255.255 .$98.228.207,MjAydTUuMDU1LjI1NS4yNTUgLiQ5OC4yMjguMjA3,,
1775694370,,validity,ParseException,"Expected '.', found ','  (at char 4), (line:1, col:5)",pyparsing/core.py,1340,success,0,False,0.942044,"../IPv4-IPv6-parser/bin/linux-ipv4-parser --ipstr 45.2,,,632<.255.255.2550.198.2298.228.207",bug:validity,213e25e7b3f8677d07d3dc5c8728a3b8,"45.2,,,63�2<�.255.255.2550.198.2298.228.207",NDUuMiwsLDYz/zI8/y4yNTUuMjU1LjI1NTAuMTk4LjIyOTguMjI4LjIwNw==,,
1775694380,,validity,ParseException,"Expected '.', found '919193'  (at char 3), (line:1, col:4)",pyparsing/core.py,1340,success,0,False,0.964732,../IPv4-IPv6-parser/bin/linux-ipv4-parser --ipstr 191919193.255.63.64,bug:validity,b550233d583386a4e41c68e648ed5caf,191919193.255.63.64,MTkxOTE5MTkzLjI1NS42My42NA==,,
1775694397,,validity,ParseException,"Expected '.', found '-'  (at char 2), (line:1, col:3)",pyparsing/core.py,1340,success,0,False,0.938482,../IPv4-IPv6-parser/bin/linux-ipv4-parser --ipstr 20-----55.@55.255.}2530.198.228.207,bug:validity,503be046d5e5fa589df4f36878aa1725,20-----55.@55.255.}2530.198.228.207,MjAtLS0tLQE1NS5ANTUuMjU1Ln0yNTMwLjE5OC4yMjguMjA3,,
1775694413,,validity,ParseException,"Expected '.', found 'u5'  (at char 2), (line:1, col:3)",pyparsing/core.py,1340,success,0,False,0.938132,../IPv4-IPv6-parser/bin/linux-ipv4-parser --ipstr 20u5.055.255.255 .$98.228.207,bug:validity,c2cdc0f99f0188807b997d82b910377a,20�u5.055.255.255 .$98.228.207,MjCAdTUuMDU1LjI1NS4yNTUgLiQ5OC4yMjguMjA3,,
1775694419,,validity,ParseException,"Expected end of text, found 'r'  (at char 10), (line:1, col:11)",pyparsing/core.py,1340,success,0,False,0.932943,../IPv4-IPv6-parser/bin/linux-ipv4-parser --ipstr 29.12.48.3r.255.25525544188.159,bug:validity,0aee5eb2974169ae7f1f538529e5a212,29.12.48.3r�.255.255�25544188.159,MjkuMTIuNDguM3J//y4yNTUuMjU1/zI1NTQ0EzE4OC4xNTk=,,
1775694426,,validity,ParseException,"Expected '.', found '_'  (at char 1), (line:1, col:2)",pyparsing/core.py,1340,success,0,False,0.947542,"../IPv4-IPv6-parser/bin/linux-ipv4-parser --ipstr 2___0""5.255.255.2550.198.2298.228.207",bug:validity,1d8e82adf8f3a60b414fec6beee7a730,"2___0""5.255.255.2550.198.2298.228.207",Ml9fXzAiNS4yNTUuMjU1LjI1NTAuMTk4LjIyOTguMjI4LjIwNw==,,
1775694447,,validity,ParseException,"Expected end of text, found '550'  (at char 14), (line:1, col:15)",pyparsing/core.py,1340,success,0,False,0.911667,../IPv4-IPv6-parser/bin/linux-ipv4-parser --ipstr 230.209.09.092550.198.228.207,bug:validity,08bd8855ed3fa1313cd94df3aeb4b704,230.209.09.092550.198.228.207,MjMwLjIwOS4wOS4wOTI1NTAuMTk4LjIyOC4yMDc=,,
1775694457,,validity,ParseException,"Expected end of text, found '5'  (at char 10), (line:1, col:11)",pyparsing/core.py,1340,success,0,False,0.945099,../IPv4-IPv6-parser/bin/linux-ipv4-parser --ipstr 29.12.8.255.255.255.2553r55.255.255.25544188.159,bug:validity,0677b02233ec3e31e4ca5a156687d1d8,29.12.�8.255.255.255.2553r55.255.255.25544188.159,MjkuMTIu/zguMjU1LjI1NS4yNTUuMjU1M3I1NS4yNTUuMjU1LjI1NTQ0EzE4OC4xNTk=,,
1775694466,,validity,ParseException,"Expected end of text, found '5'  (at char 15), (line:1, col:16)",pyparsing/core.py,1340,success,0,False,0.944714,../IPv4-IPv6-parser/bin/linux-ipv4-parser --ipstr 148.135.193.1355.25544188.159,bug:validity,3b8b4df100c98552ac494a3f83bc20a0,148.135.193.1355.25544188.159,MTQ4LjEzNS4xOTMuMTM1NS4yNTU0NBMxODguMTU5,,
1775694473,,validity,ParseException,"Expected '.', found 'O'  (at char 2), (line:1, col:3)",pyparsing/core.py,1340,success,0,False,0.951243,../IPv4-IPv6-parser/bin/linux-ipv4-parser --ipstr 15O.125511,bug:validity,acba0fe53d27f2a101937f64f79bc0c2,15O.125511,MTVPLjEyNTUxMQ==,,
1775694474,,validity,ParseException,"Expected '.', found '5552u5'  (at char 3), (line:1, col:4)",pyparsing/core.py,1340,success,0,False,0.951927,../IPv4-IPv6-parser/bin/linux-ipv4-parser --ipstr 2025552u5.255n2550.198228.27____,bug:validity,144c589e1e63d2014cbe3e72768de125,2025552u5.255n2550.198�228.2�7____,MjAyNTU1MnU1LjI1NW4yNTUwLjE5OP8yMjguMv83X19fXw==,,
1775694482,,validity,ParseException,"Expected '.', found '\n'  (at char 1), (line:1, col:2)",pyparsing/core.py,1340,success,0,False,0.933711,"../IPv4-IPv6-parser/bin/linux-ipv4-parser --ipstr 1
91919193.255.63.64",bug:validity,d2c33a97493984335b9ee3c72a7d2681,1\n91919193.255.63.64,MQo5MTkxOTE5My4yNTUuNjMuNjQ=,,
1775694511,,validity,ParseException,"Expected '.', found '5'  (at char 5), (line:1, col:6)",pyparsing/core.py,1340,success,0,False,0.987070,../IPv4-IPv6-parser/bin/linux-ipv4-parser --ipstr 68.255.254/63,bug:validity,eab3a7849c05e06b2ad1cf1182165878,�68.255.254/63,/zY4LjI1NS4yNTQvNjM=,,
1775694518,,validity,ParseException,"Expected '.', found '5552u'  (at char 3), (line:1, col:4)",pyparsing/core.py,1340,success,0,False,0.956976,../IPv4-IPv6-parser/bin/linux-ipv4-parser --ipstr 2025552u/////5.255n2550.198228.27____,bug:validity,6d13efad16e5c60af08b86724035744c,2025552u/////5.255n2550.198228.27____,MjAyNTU1MnUvLy8vLzUuMjU1bjI1NTAuMTk4MjI4LjI3X19fXw==,,
1775694534,,validity,ParseException,"Expected '.', found '\x0e'  (at char 2), (line:1, col:3)",pyparsing/core.py,1340,success,0,False,0.929685,../IPv4-IPv6-parser/bin/linux-ipv4-parser --ipstr 2929.29292929.29.12.48.3r:5.255.255.25544188159,bug:validity,e3d9c2a577daed120913c92b96cbe3c8,2929.29292929.29.12.48.3r:5.255.255.25544188159,MjkOMjkuMjkyOTI5MjkuMjkuMTIuNDguM3I6NS4yNTUuMjU1LjI1NTQ0EzE4OAExNTk=,,
1775694578,,validity,ParseException,"Expected '.', found 'y'  (at char 1), (line:1, col:2)",pyparsing/core.py,1340,success,0,False,0.935225,../IPv4-IPv6-parser/bin/linux-ipv4-parser --ipstr 2y.12.48.3r55.255.255.25544188159,bug:validity,7c98353043c0f645ba2df84dd9ffadec,2y.12.48.3r55.255.255.25544188159,MnkuMTIuNDguM3I1NS4yNTUuMjU1LjI1NTQ0EzE4OAExNTk=,,
1775694580,,validity,ParseException,"Expected '.', found '\n'  (at char 2), (line:1, col:3)",pyparsing/core.py,1340,success,0,False,0.961193,"../IPv4-IPv6-parser/bin/linux-ipv4-parser --ipstr 20


55.@55.255.}2530.198.228.207",bug:validity,9a5ca925355cf4b378547dfb3c083b45,20\n\n\n55.@55.255.}2530.198.228.207,MjAKCgoBNTUuQDU1LjI1NS59MjUzMC4xOTguMjI4LjIwNw==,,
1775694591,,validity,ParseException,"Expected '.', found '48'  (at char 6), (line:1, col:7)",pyparsing/core.py,1340,success,0,False,0.938954,../IPv4-IPv6-parser/bin/linux-ipv4-parser --ipstr 29.12248.3r55.255.255.25544188.159,bug:validity,606f5e80a1d8ad75918b3f450fd3a4aa,29.12248.3r55.255.255.25544188.159,MjkuMTIyNDguM3I1NS4yNTUuMjU1LjI1NTQ0EzE4OC4xNTk=,,
1775694596,,validity,ParseException,"Expected '.', found '""'  (at char 4), (line:1, col:5)",pyparsing/core.py,1340,success,0,False,0.959346,"../IPv4-IPv6-parser/bin/linux-ipv4-parser --ipstr 29.1"".48.3r55.255.25525544188.159",bug:validity,2be9ae2ea8f9071dff679434058565ea,"29.1"".48.3r55.255.255�25544188.159",MjkuMSIuNDguM3I1NS4yNTUuMjU1/zI1NTQ0EzE4OC4xNTk=,,
1775694600,,validity,ParseException,"Expected '.', found '\x7f'  (at char 3), (line:1, col:4)",pyparsing/core.py,1340,success,0,False,0.925343,../IPv4-IPv6-parser/bin/linux-ipv4-parser --ipstr 1561255.13.11,bug:validity,b843246da5c4b6f302110c25079e5e3f,1561255.13.11,MTU2fzEyNTUuMTMuMTE=,,
1775694626,,validity,ParseException,"Expected '.', found 'N'  (at char 1), (line:1, col:2)",pyparsing/core.py,1340,success,0,False,0.963972,../IPv4-IPv6-parser/bin/linux-ipv4-parser --ipstr 2N:55.255.25.2550.198.228.215.111.12////0.121,bug:validity,e349e17202534452d17724c69032ec4a,2N:55.255.25.2550.198.228.215.111.12////0.121,Mk46NTUuMjU1LjI1HC4yNTUwLjE5OC4yMjguMjE1LjExMS4xMi8vLy8wLjEyMQ==,,
1775694632,,validity,ParseException,"Expected '.', found '550'  (at char 3), (line:1, col:4)",pyparsing/core.py,1340,success,0,False,0.952308,../IPv4-IPv6-parser/bin/linux-ipv4-parser --ipstr 122550.198.228.207,bug:validity,076a2d4d52a4db8cad92eb37d5dd82b9,12�2550.198.228.207,MTL/MjU1MC4xOTguMjI4LjIwNw==,,
1775694640,,validity,ParseException,"Expected end of text, found 'r'  (at char 9), (line:1, col:10)",pyparsing/core.py,1340,success,0,False,0.929414,../IPv4-IPv6-parser/bin/linux-ipv4-parser --ipstr 29.12.4.3r.255.25525544188.159,bug:validity,8da1abbe2a1c6afe1f6c5bb288f719db,29.12.4�.3r�.255.255�25544188.159,MjkuMTIuNIAuM3J//y4yNTUuMjU1/zI1NTQ0EzE4OC4xNTk=,,
1775694654,,validity,ParseException,"Expected '.', found '-'  (at char 3), (line:1, col:4)",pyparsing/core.py,1340,success,0,False,0.944571,../IPv4-IPv6-parser/bin/linux-ipv4-parser --ipstr 168---___.255.254.63,bug:validity,4a3cbd572a2104926a4e8a6fbbda8cb6,168---___.255.254.63,MTY4LS0tX19fLjI1NS4yNTQuNjM=,,
1775694681,,validity,ParseException,"Expected '.', found '#'  (at char 3), (line:1, col:4)",pyparsing/core.py,1340,success,0,False,0.930559,../IPv4-IPv6-parser/bin/linux-ipv4-parser --ipstr 151#55.26____5.255.25544188.15;,bug:validity,007bc300bc1902b2daf6e702110156cf,151#55.26____5.255.25544188.15;,MTUxIzU1LjI2X19fXzUuMjU1LjI1NTQ0EzE4OC4xNTs=,,
1775694684,,validity,ParseException,"Expected '.', found '<'  (at char 1), (line:1, col:2)",pyparsing/core.py,1340,success,0,False,2.422297,../IPv4-IPv6-parser/bin/linux-ipv4-parser --ipstr 2<.255.255.2550.198.2298.228.207,bug:validity,8b8f89854489f2e856584a9dc9220123,��2<�.255.255.2550.198.2298.228.207,//8yPP8uMjU1LjI1NS4yNTUwLjE5OC4yMjk4LjIyOC4yMDc=,,
1775694692,,validity,ParseException,"Expected '.', found ':'  (at char 2), (line:1, col:3)",pyparsing/core.py,1340,success,0,False,0.921107,../IPv4-IPv6-parser/bin/linux-ipv4-parser --ipstr 20:::25.255.255.2550.198.228.228.207,bug:validity,7b36826eee6bdf45bc996d562f032a6c,20:::25.255.255.2550.198.228.228.207,MjA6OjoyNS4yNTUuMjU1LjI1NTAuMTk4LjIyGTguMjI4LjIwNw==,,
1775694704,,validity,ParseException,"Expected '.', found 'J'  (at char 1), (line:1, col:2)",pyparsing/core.py,1340,success,0,False,0.929272,"../IPv4-IPv6-parser/bin/linux-ipv4-parser --ipstr 2J


55.@55.255.}2530.198.228.207",bug:validity,6e028af35264e521e75f39638315428d,2J\n\n\n55.@55.255.}2530.198.228.207,MkoKCgoBNTUuQDU1LjI1NS59MjUzMC4xOTguMjI4LjIwNw==,,
1775694761,,validity,ParseException,"Expected '.', found '952'  (at char 3), (line:1, col:4)",pyparsing/core.py,1340,success,0,False,0.943619,"../IPv4-IPv6-parser/bin/linux-ipv4-parser --ipstr 202952%5.255.25},,50.198.2228.207",bug:validity,71da29f06d8a1f315c11a5cb5eb372a2,"202952%5.255.25},,50.198.2228.207",MjAyOTUyJTUuMjU1LjI1fSwsNTAuMTk4LjIyMjguMjA3,,
1775694765,,validity,ParseException,"Expected '.', found ':'  (at char 1), (line:1, col:2)",pyparsing/core.py,1340,success,0,False,0.942042,../IPv4-IPv6-parser/bin/linux-ipv4-parser --ipstr 2::025.255.255.198:::::.228.207,bug:validity,083035d7d589513a46dae25e883fb455,2::025.255.255.198:::::.228.207,Mjo6MDI1LjI1NS4yNTUuMTk4Ojo6OjouMjI4LjIwNw==,,
1775694772,,validity,ParseException,"Expected '.', found '29'  (at char 5), (line:1, col:6)",pyparsing/core.py,1340,success,0,False,0.941868,../IPv4-IPv6-parser/bin/linux-ipv4-parser --ipstr 29.2929.29.12.48.3r55.255.255.25544188159,bug:validity,6638180959febecd89683d7b0dd6654a,29.29�29.29.12.48.3r55.255.255.25544�188159,MjkuMjmuMjkuMjkuMTIuNDguM3I1NS4yNTUuMjU1LjI1NTQ0/zE4OAExNTk=,,
1775694778,,validity,ParseException,"Expected end of text, found '55'  (at char 14), (line:1, col:15)",pyparsing/core.py,1340,success,0,False,2.485927,../IPv4-IPv6-parser/bin/linux-ipv4-parser --ipstr 148.135.193.5355.25544188.159,bug:validity,daa1d6cf652f6d688b916aa4ab0d7d7a,148.135.193.5355.25544188.159,MTQ4LjEzNS4xOTMuNTM1NS4yNTU0NBMxODguMTU5,,
1775694817,,validity,ParseException,"Expected '.', found '0'  (at char 2), (line:1, col:3)",pyparsing/core.py,1340,success,0,False,0.930335,../IPv4-IPv6-parser/bin/linux-ipv4-parser --ipstr 930.209.09.092550.198.228.207,bug:validity,ac35a24dc0d7a2c652a3cc5d98be0774,930.209.09.092550.198.228.207,OTMwLjIwOS4wOS4wOTI1NTAuMTk4LjIyOC4yMDc=,,
1775694834,,validity,ParseException,"Expected '.', found '1r5'  (at char 3), (line:1, col:4)",pyparsing/core.py,1340,success,0,False,0.956073,../IPv4-IPv6-parser/bin/linux-ipv4-parser --ipstr 1551r5{5./////255.255.25544188.159,bug:validity,0dd5c550de163f0a78fb02c338237955,1551r5{5./////255.255.25544188.159,MTU1MXI1ezUuLy8vLy8yNTUuMjU1LjI1NTQ0EzE4OC4xNTk=,,
1775694844,,validity,ParseException,"Expected '.', found '8'  (at char 6), (line:1, col:7)",pyparsing/core.py,1340,success,0,False,0.932483,../IPv4-IPv6-parser/bin/linux-ipv4-parser --ipstr 29.2248.3r55.255.255.25544188.159,bug:validity,3a3cb74942ce2faf0988951cd296eed5,29.�2248.3r55.255.255.25544188.159,Mjku/zIyNDguM3I1NS4yNTUuMjU1LjI1NTQ0EzE4OC4xNTk=,,
1775694845,,validity,ParseException,"Expected '.', found ']'  (at char 1), (line:1, col:2)",pyparsing/core.py,1340,success,0,False,0.973538,../IPv4-IPv6-parser/bin/linux-ipv4-parser --ipstr 1]561255.13.11,bug:validity,29f86785f8b44fe5e458eec6caca4c92,1]561255.13.11,MV01Nn8xMjU1LjEzLjEx,,
1775694884,,validity,ParseException,"Expected '.', found '29'  (at char 8), (line:1, col:9)",pyparsing/core.py,1340,success,0,False,0.939263,../IPv4-IPv6-parser/bin/linux-ipv4-parser --ipstr 29.29.2929.12.48.3r55.255.255.25544188159,bug:validity,2f815fb3264a953696fe38c13678f7a1,29.29.29�29.12.48.3r55.255.255.25544�188159,MjkuMjkuMjn/MjkuMTIuNDguM3I1NS4yNTUuMjU1LjI1NTQ0/zE4OAExNTk=,,
1775694912,,validity,ParseException,"Expected '.', found '\x12'  (at char 1), (line:1, col:2)",pyparsing/core.py,1340,success,0,False,0.951372,../IPv4-IPv6-parser/bin/linux-ipv4-parser --ipstr 2//255.255.255.550.198.22.7,bug:validity,1c3c0c2962c6f726da38e4601178cd74,2//255.255.255.�550.198.22�.�7,MhIvLzI1NS4yNTUuMjU1Lv81NTAuMTk4LjIygC5/gDc=,,
1775694920,,validity,ParseException,"Expected '.', found ':'  (at char 9), (line:1, col:10)",pyparsing/core.py,1340,success,0,False,0.928137,../IPv4-IPv6-parser/bin/linux-ipv4-parser --ipstr 161.186.2:::::55.255.255.255164.182,bug:validity,4c1629b1d53dd31ed61dd91640e7bcb3,161.186.2:::::55.255.255.255164.182,MTYxLjE4Ni4yOjo6Ojo1NS4yNTUuMjU1LjI1NTE2NC4xODI=,,
1775694930,,validity,ParseException,"Expected '.', found '!'  (at char 6), (line:1, col:7)",pyparsing/core.py,1340,success,0,False,0.917531,../IPv4-IPv6-parser/bin/linux-ipv4-parser --ipstr 29.122!8.3r55.255.255.25544188.159,bug:validity,7729326923e1e1757dfce3e66c2b8512,29.122!8.3r55.255.255.25544188.159,MjkuMTIyITguM3I1NS4yNTUuMjU1LjI1NTQ0EzE4OC4xNTk=,,
1775694974,,validity,ParseException,"Expected '.', found '_'  (at char 2), (line:1, col:3)",pyparsing/core.py,1340,success,0,False,0.919585,../IPv4-IPv6-parser/bin/linux-ipv4-parser --ipstr 18___.255.254.63,bug:validity,a5345e3c4c07c3b8101e6d676fa9c9f0,1�8___.255.254.63,Mf84X19fLjI1NS4yNTQuNjM=,,
1775694993,,validity,ParseException,"Expected '.', found '-'  (at char 1), (line:1, col:2)",pyparsing/core.py,1340,success,0,False,0.964876,../IPv4-IPv6-parser/bin/linux-ipv4-parser --ipstr 1-----68---___.255.254.63,bug:validity,8ea85b395be7a3dc0bbfa9fc6a017f04,1-----68---___.255.254.63,MS0tLS0tNjgtLS1fX18uMjU1LjI1NC42Mw==,,
1775695026,,validity,ParseException,"Expected '.', found 'N'  (at char 6), (line:1, col:7)",pyparsing/core.py,1340,success,0,False,0.987323,../IPv4-IPv6-parser/bin/linux-ipv4-parser --ipstr 121.18N.12<.55.255.2550.198.2298.228.207,bug:validity,e12b2e1c33564034b6920597eb220236,121.18N.1�2<�.�55.255.2550.198.2298.228.207,MTIxLjE4Ti4x/zI8/i7/NTUuMjU1LjI1NTAuMTk4LjIyOTguMjI4LjIwNw==,,
1775695046,,validity,ParseException,"Expected '.', found '5N'  (at char 3), (line:1, col:4)",pyparsing/core.py,1340,success,0,False,0.936529,../IPv4-IPv6-parser/bin/linux-ipv4-parser --ipstr 2025N.255.255n2550.198228.27____,bug:validity,d0fe036cc4c184f6376449ef696b6441,2025N.255.255n2550.198�228.2�7____,MjAyNU4uMjU1LjI1NW4yNTUwLjE5OP8yMjguMv83X19fXw==,,
1775695048,,validity,ParseException,"Expected '.', found 'r'  (at char 8), (line:1, col:9)",pyparsing/core.py,1340,success,0,False,0.940889,../IPv4-IPv6-parser/bin/linux-ipv4-parser --ipstr 29.12.43r.255.25525544188.159,bug:validity,3655b141ce0cd3b9732962a6756ee837,29.12.4��3r�.255.255�25544188.159,MjkuMTIuNID/M3J//y4yNTUuMjU1/zI1NTQ0EzE4OC4xNTk=,,
1775695119,,validity,ParseException,"Expected '.', found '55'  (at char 7), (line:1, col:8)",pyparsing/core.py,1340,success,0,False,0.942157,../IPv4-IPv6-parser/bin/linux-ipv4-parser --ipstr 121.18255.2550.198.2298.228.207,bug:validity,935b3d42eccaad928f4dec7e88be3c75,121.18255.2550.198.2298.228.207,MTIxLjE4MjU1LjI1NTAuMTk4LjIyOTguMjI4LjIwNw==,,
1775695121,,validity,ParseException,"Expected '.', found ','  (at char 3), (line:1, col:4)",pyparsing/core.py,1340,success,0,False,0.912417,"../IPv4-IPv6-parser/bin/linux-ipv4-parser --ipstr 158,,,.149.255.25544188.159",bug:validity,228be97b7617f2e2ba0622fe866a2218,"158,,,.149.255.25544188.159",MTU4LCwsLjE0OS4yNTUuMjU1NDQTMTg4LjE1OQ==,,
1775695133,,validity,ParseException,"Expected '.', found ' '  (at char 7), (line:1, col:8)",pyparsing/core.py,1340,success,0,False,0.914776,../IPv4-IPv6-parser/bin/linux-ipv4-parser --ipstr 161.186   .2:::::55.255.255.255164.182,bug:validity,5f39883b02fb6d0142c7605e612d2b61,161.186   .2:::::55.255.255.255164.182,MTYxLjE4NiAgIC4yOjo6Ojo1NS4yNTUuMjU1LjI1NTE2NC4xODI=,,
1775695134,,validity,ParseException,"Expected '.', found '3r'  (at char 6), (line:1, col:7)",pyparsing/core.py,1340,success,0,False,0.924499,../IPv4-IPv6-parser/bin/linux-ipv4-parser --ipstr 29.1243r.255.25525544188.159,bug:validity,7b401622b1b7093fa6da0067ae0f39e1,29.12�4��3r�.255.255�25544188.159,MjkuMTL/NID/M3J//y4yNTUuMjU1/zI1NTQ0EzE4OC4xNTk=,,
1775695146,,validity,ParseException,"Expected end of text, found '.'  (at char 8), (line:1, col:9)",pyparsing/core.py,1340,success,0,False,0.903193,../IPv4-IPv6-parser/bin/linux-ipv4-parser --ipstr 7.29.4.9.12.4.3r.255.25525544188.159,bug:validity,e607070ec38ee3616fc6e7993f0ec853,7.29.4.9.12.4�.3r�.255.255�25544188.159,Ny4yOS40LjkuMTIuNIAuM3J//y4yNTUuMjU1/zI1NTQ0EzE4OC4xNTk=,,
1775695157,,validity,ParseException,"Expected '.', found '95255255255255'  (at char 3), (line:1, col:4)",pyparsing/core.py,1340,success,0,False,0.903398,"../IPv4-IPv6-parser/bin/linux-ipv4-parser --ipstr 20295255255255255.255.25},,5.198.228.207",bug:validity,f50a48a240f2daa1d7ff84cec1743827,"20295255255255255.255.25},,5.198.228.207",MjAyOTUyNTUyNTUyNTUyNTUuMjU1LjI1fSwsNQEuMTk4LjIyOC4yMDc=,,
1775695226,,validity,ParseException,"Expected end of text, found 'r5'  (at char 9), (line:1, col:10)",pyparsing/core.py,1340,success,0,False,0.920929,../IPv4-IPv6-parser/bin/linux-ipv4-parser --ipstr 9.12.48.3r5.255.25525544188.159,bug:validity,e4db41ba674cf7ccd6c1bfaff0d0229e,�9.12.48.3r5�.255.255�25544188.159,gDkuMTIuNDguM3I1/y4yNTUuMjU1/zI1NTQ0EzE4OC4xNTk=,,
1775695258,,validity,ParseException,"Expected '.', found 'O'  (at char 1), (line:1, col:2)",pyparsing/core.py,1340,success,0,False,0.919433,../IPv4-IPv6-parser/bin/linux-ipv4-parser --ipstr 1O.125511,bug:validity,c92a3c4e00cb81d74ebf71f3f7a22cf2,1�O.125511,Mf9PLjEyNTUxMQ==,,
1775695273,,validity,ParseException,"Expected '.', found '\x7f'  (at char 1), (line:1, col:2)",pyparsing/core.py,1340,success,0,False,0.892662,../IPv4-IPv6-parser/bin/linux-ipv4-parser --ipstr 2:025.255.255.198:::::.228.207,bug:validity,60bcf48fbbde5e524bf39622a42226fe,2:025.255.255.198:::::.228.207,Mn86MDI1LjI1NS4yNTUuMTk4Ojo6OjouMjI4LjIwNw==,,
1775695277,,validity,ParseException,"Expected '.', found '""'  (at char 1), (line:1, col:2)",pyparsing/core.py,1340,success,0,False,0.929430,"../IPv4-IPv6-parser/bin/linux-ipv4-parser --ipstr 2""5.255.255.2550.198.2298.228.207",bug:validity,84fd110960f1d3cedafe565e454dc0b6,"2�""5�.255.255.2550.198.2298.228.207",MoAiNf8uMjU1LjI1NS4yNTUwLjE5OC4yMjk4LjIyOC4yMDc=,,
1775695307,,validity,ParseException,"Expected '.', found '020'  (at char 3), (line:1, col:4)",pyparsing/core.py,1340,success,0,False,0.951113,../IPv4-IPv6-parser/bin/linux-ipv4-parser --ipstr 202020:::25.255.255.2550.198.228.228.207,bug:validity,b512c4c8f90fc304f29c3989fd3358bb,202020:::25.255.255.2550.198.228.228.207,MjAyMDIwOjo6MjUuMjU1LjI1NS4yNTUwLjE5OC4yMhk4LjIyOC4yMDc=,,
1775695319,,validity,ParseException,"Expected '.', found '910193'  (at char 3), (line:1, col:4)",pyparsing/core.py,1340,success,0,False,1.007741,../IPv4-IPv6-parser/bin/linux-ipv4-parser --ipstr 191910193.255.63.64,bug:validity,2798109bd26b653efb6f765024fe8199,191910193.255.63.64,MTkxOTEwMTkzLjI1NS42My42NA==,,
1775695330,,validity,ParseException,"Expected '.', found '2V2929'  (at char 8), (line:1, col:9)",pyparsing/core.py,1340,success,0,False,0.924901,../IPv4-IPv6-parser/bin/linux-ipv4-parser --ipstr 29.29.292V2929.29.12.48.3r:5.255.255.25544188159,bug:validity,2e5fc1e54abd4f292ed75b1afe534994,29.29.292V2929.29.12.48.3r:5.255.255.25544188159,MjkuMjkuMjkyVjI5MjkuMjkuMTIuNDguM3I6NS4yNTUuMjU1LjI1NTQ0EzE4OAExNTk=,,
1775695340,,validity,ParseException,"Expected '.', found '544'  (at char 5), (line:1, col:6)",pyparsing/core.py,1340,success,0,False,0.926821,../IPv4-IPv6-parser/bin/linux-ipv4-parser --ipstr 55.25544188159,bug:validity,8755c1a7a7e1b56cb855168a02ef3a40,55.25544188159,NTUuMjU1NDQTMTg4ATE1OQ==,,
1775695361,,validity,ParseException,"Expected '.', found 'J29'  (at char 8), (line:1, col:9)",pyparsing/core.py,1340,success,0,False,0.926124,../IPv4-IPv6-parser/bin/linux-ipv4-parser --ipstr 29.29.29J29__.12.+8.3r55.255.255.25544188159,bug:validity,33c2ebab73ecdc0cd6ed1d569531fbdd,29.29.29J29__.12.+8.3r55.255.255.25544188159,MjkuMjkuMjlKMjlfXy4xMi4rOC4zcjU1LjI1NS4yNTUuMjU1NDQTMTg4ATE1OQ==,,
1775695422,,validity,ParseException,"Expected '.', found '9V'  (at char 3), (line:1, col:4)",pyparsing/core.py,1340,success,0,False,0.951601,"../IPv4-IPv6-parser/bin/linux-ipv4-parser --ipstr 2029V.255.255.25,,50.1)8.228207",bug:validity,5c658f55903b3a98fbd3c992474504a5,"2029V.255.255.25,,50.1)8.228�207",MjAyOVYuMjU1LjI1NS4yNSwsNTAuMSk4LjIyOP8yMDc=,,
1775695449,,validity,ParseException,"Expected '.', found 'N26665'  (at char 1), (line:1, col:2)",pyparsing/core.py,1340,success,0,False,0.978527,../IPv4-IPv6-parser/bin/linux-ipv4-parser --ipstr 2N26665255.25.2550.198.228.215.111.12////0.12355.25544188.159,bug:validity,5a7bcd66e0b4c4f3936fba388af645c7,2N26665255.25.2550.198.228.215.111.12////0.12355.25544188.159,Mk4yNjY2NX8yNTUuMjUcLjI1NTAuMTk4LjIyOC4yMTUuMTExLjEyLy8vLzAuMTIzNTUuMjU1NDQTMTg4LjE1OQ==,,
1775695450,,validity,ParseException,"Expected '.', found 'C5'  (at char 2), (line:1, col:3)",pyparsing/core.py,1340,success,0,False,0.936156,../IPv4-IPv6-parser/bin/linux-ipv4-parser --ipstr 20C5.255.255.2550.197.22207,bug:validity,dfe9a69eed1d18eea55cad2459ec1519,20C5.255.255.2550.197.22207,MjBDNS4yNTUuMjU1LjI1NTAuMTk3LjIyMjA3,,
1775695465,,validity,ParseException,"Expected '.', found '\x08'  (at char 1), (line:1, col:2)",pyparsing/core.py,1340,success,0,False,0.953961,"../IPv4-IPv6-parser/bin/linux-ipv4-parser --ipstr 2		0295*255.255.25,,50.198.228.207",bug:validity,187501ec7fb229b7855e2c64e70e6ca1,"2		0295*255.255.25,,50.198.228.207",MggJCTAyOTUqMjU1LjI1NS4yNSwsNTAuMTk4LjIyOC4yMDc=,,
1775695474,,validity,ParseException,"Expected '.', found '95255255255285'  (at char 3), (line:1, col:4)",pyparsing/core.py,1340,success,0,False,0.988367,"../IPv4-IPv6-parser/bin/linux-ipv4-parser --ipstr 20295255255255285.255.25},,5.198.228.207",bug:validity,c2914caf4d987565fd99527478ba7e10,"20295255255255285.255.25},,5.198.228.207",MjAyOTUyNTUyNTUyNTUyODUuMjU1LjI1fSwsNQEuMTk4LjIyOC4yMDc=,,
1775695517,,validity,ParseException,"Expected '.', found '='  (at char 7), (line:1, col:8)",pyparsing/core.py,1340,success,0,False,0.933097,../IPv4-IPv6-parser/bin/linux-ipv4-parser --ipstr 29.12.4=.3r.255.25525544188.159,bug:validity,eb2d28a1199a4dbf85c5af60b8effc9b,29.12.4=.3r�.255.255�25544188.159,MjkuMTIuND0uM3J//y4yNTUuMjU1/zI1NTQ0EzE4OC4xNTk=,,
1775695524,,validity,ParseException,"Expected '.', found '\x01'  (at char 3), (line:1, col:4)",pyparsing/core.py,1340,success,0,False,0.944048,../IPv4-IPv6-parser/bin/linux-ipv4-parser --ipstr 2025.255.255.2550.198.228.21.11.20.121,bug:validity,961f2b6bcbad65533698508c8358e31c,2025.255.255.2550.198.228.21.11.20.121,MjAyATUuMjU1LjI1NS4yNTUwLjE5OC4yMjguMjEBLh0xMS4PMjAuMTIx,,
1775695525,,validity,ParseException,"Expected '.', found '\x01'  (at char 7), (line:1, col:8)",pyparsing/core.py,1340,success,0,False,0.911158,../IPv4-IPv6-parser/bin/linux-ipv4-parser --ipstr 230.20909.092550.198.228.207,bug:validity,eda74cbb39041ea730ef2fc1c906d7f9,230.20909.092550.198.228.207,MjMwLjIwOQEwOS4wOTI1NTAuMTk4LjIyOC4yMDc=,,
1775695563,,validity,ParseException,"Expected '.', found '85255255255255'  (at char 3), (line:1, col:4)",pyparsing/core.py,1340,success,0,False,0.950258,"../IPv4-IPv6-parser/bin/linux-ipv4-parser --ipstr 20285255255255255.255.25},,5.198.228.207",bug:validity,ed144870f3587810b09ed5fbf2b815ef,"20285255255255255.255.25},,5.198.228.207",MjAyODUyNTUyNTUyNTUyNTUuMjU1LjI1fSwsNQEuMTk4LjIyOC4yMDc=,,
1775695569,,validity,ParseException,"Expected '.', found ':'  (at char 8), (line:1, col:9)",pyparsing/core.py,1340,success,0,False,0.961138,../IPv4-IPv6-parser/bin/linux-ipv4-parser --ipstr 161.16.2:::::55.255.255.255164.182,bug:validity,e2e9286803b9216038d9105c319b45a7,161.1�6.2:::::55.255.255.255164.182,MTYxLjH/Ni4yOjo6Ojo1NS4yNTUuMjU1LjI1NTE2NC4xODI=,,
1775695601,,validity,ParseException,"Expected '.', found '193'  (at char 7), (line:1, col:8)",pyparsing/core.py,1340,success,0,False,0.907448,../IPv4-IPv6-parser/bin/linux-ipv4-parser --ipstr 148.135193.5355.25544188.159,bug:validity,5848d08300bde628fb118b3ce964e4f4,148.135�193.5355.25544188.159,MTQ4LjEzNf8xOTMuNTM1NS4yNTU0NBMxODguMTU5,,
1775695607,,validity,ParseException,"Expected end of text, found '.'  (at char 10), (line:1, col:11)",pyparsing/core.py,1340,success,0,False,0.960717,../IPv4-IPv6-parser/bin/linux-ipv4-parser --ipstr 29.12.48.3.3r5.255.255.25544188.159,bug:validity,e6d38d1427f081f2ad11542229195cee,29.12.48.3.3r5.255.255.25544188.159,MjkuMTIuNDguMy4zcjUuMjU1LjI1NS4yNTU0NBMxODguMTU5,,
1775695683,,validity,ParseException,"Expected '.', found '9C9193'  (at char 3), (line:1, col:4)",pyparsing/core.py,1340,success,0,False,0.922000,../IPv4-IPv6-parser/bin/linux-ipv4-parser --ipstr 1919C9193.255.63.>4,bug:validity,612d67ea01804492b81557024b111d79,1919C9193.255.63.>4,MTkxOUM5MTkzLjI1NS42My4+NA==,,
1775695714,,validity,ParseException,"Expected '.', found 'J29'  (at char 6), (line:1, col:7)",pyparsing/core.py,1340,success,0,False,0.994341,../IPv4-IPv6-parser/bin/linux-ipv4-parser --ipstr 143.39J29__.12.+8.3r55.255.255.25544188159,bug:validity,642fd1db2b3797c07dbe20ce4ae9827f,14�3.39J29__.12.+8.3r55.255.255.25544188159,MTT/My4zOUoyOV9fLjEyLis4LjNyNTUuMjU1LjI1NS4yNTU0NBMxODgBMTU5,,
1775695747,,validity,ParseException,"Expected '.', found '/'  (at char 5), (line:1, col:6)",pyparsing/core.py,1340,success,0,False,0.935709,../IPv4-IPv6-parser/bin/linux-ipv4-parser --ipstr 29.12///.8.255.255.255.2753r55.255.255.25544188.159,bug:validity,ec44455e8eb37b0af6b3341818eff59a,29.12///.8.255.255.255.2753r55.255.255.25544188.159,MjkuMTIvLy8uOC4yNTUuMjU1LjI1NS4yNzUzcjU1LjI1NS4yNTUuMjU1NDQTMTg4LjE1OQ==,,
1775695750,,validity,ParseException,"Expected '.', found 'N765'  (at char 1), (line:1, col:2)",pyparsing/core.py,1340,success,0,False,0.921085,../IPv4-IPv6-parser/bin/linux-ipv4-parser --ipstr 2N765.255.25.2550.198.28.215.111.12////0.121,bug:validity,300736ce1ad6ac1e57d2e088f6b93337,2N765.255.25.2550.198.28.215.111.12////0.121,Mk43NjUuMjU1LjI1HC4yNTUwLjE5OC4yOC4yMTUuMTExLjEyLy8vLzAuMTIx,,
1775695790,,validity,ParseException,"Expected '.', found 'P'  (at char 1), (line:1, col:2)",pyparsing/core.py,1340,success,0,False,0.927704,../IPv4-IPv6-parser/bin/linux-ipv4-parser --ipstr 2P.12.4=.3r.255.25525544188.159,bug:validity,e2301eeb9ec2c441c82b196209d84be2,2P.12.4=.3r�.255.255�25544188.159,MlAuMTIuND0uM3J//y4yNTUuMjU1/zI1NTQ0EzE4OC4xNTk=,,
1775695796,,validity,ParseException,"Expected '.', found '\x7f'  (at char 2), (line:1, col:3)",pyparsing/core.py,1340,success,0,False,0.964497,../IPv4-IPv6-parser/bin/linux-ipv4-parser --ipstr 151255.13.11,bug:validity,5dd49fbf9075584eddb5ca7881a85c36,15�1255.13.11,MTX/fzEyNTUuMTMuMTE=,,
1775695805,,validity,ParseException,"Expected '.', found '('  (at char 10), (line:1, col:11)",pyparsing/core.py,1340,success,0,False,0.953480,"../IPv4-IPv6-parser/bin/linux-ipv4-parser --ipstr 148.135.19(.1355.2554,4188.159",bug:validity,ff795c0735c0e40dc048cc92f30b4109,"148.135.19(.1355.2554,4188.159",MTQ4LjEzNS4xOSguMTM1NS4yNTU0LDQTMTg4LjE1OQ==,,
1775695853,,validity,ParseException,"Expected '.', found '0'  (at char 7), (line:1, col:8)",pyparsing/core.py,1340,success,0,False,0.921702,../IPv4-IPv6-parser/bin/linux-ipv4-parser --ipstr 161.1860.209.09.092550.198.228.207,bug:validity,fba5cb17944a370555b908ed07ca6699,161.1860.209.09.092550.198.228.207,MTYxLjE4NjAuMjA5LjA5LjA5MjU1MC4xOTguMjI4LjIwNw==,,
1775695855,,validity,ParseException,"Expected '.', found '95255255255282'  (at char 3), (line:1, col:4)",pyparsing/core.py,1340,success,0,False,0.951519,../IPv4-IPv6-parser/bin/linux-ipv4-parser --ipstr 20295255255255282.48.3r55.255.255.25544188159,bug:validity,a49f0283002436299f707e3c40056789,20295255255255282.48.3r55.255.255.25544188159,MjAyOTUyNTUyNTUyNTUyODIuNDguM3I1NS4yNTUuMjU1LjI1NTQ0EzE4OAExNTk=,,
1775695859,,validity,ParseException,"Expected end of text, found '_'  (at char 10), (line:1, col:11)",pyparsing/core.py,1340,success,0,False,0.982253,../IPv4-IPv6-parser/bin/linux-ipv4-parser --ipstr 9.29.29.29__.12.+8.3r55.255.255.25544188159,bug:validity,ee3b17b0f5fe84ca5d7fa0633e0ce410,�9.29.29.29__.12.+8.3r55.255.255.25544188159,/zkuMjkuMjkuMjlfXy4xMi4rOC4zcjU1LjI1NS4yNTUuMjU1NDQTMTg4ATE1OQ==,,
1775695920,,validity,ParseException,"Expected '.', found '1r55'  (at char 2), (line:1, col:3)",pyparsing/core.py,1340,success,0,False,0.969209,../IPv4-IPv6-parser/bin/linux-ipv4-parser --ipstr 551r55./////255.255.25544188.159,bug:validity,e186a704bd6474383a8d84ebf77b562f,�551r55./////255.255.25544188.159,/zU1MXI1NS4vLy8vLzI1NS4yNTUuMjU1NDQTMTg4LjE1OQ==,,
1775695925,,validity,ParseException,"Expected '.', found 'B'  (at char 3), (line:1, col:4)",pyparsing/core.py,1340,success,0,False,0.938038,../IPv4-IPv6-parser/bin/linux-ipv4-parser --ipstr 202B.255.255.2550.197.2298.228.207,bug:validity,646aae83e89b59ac1eac98b511b9859b,202B.255.255.2550.197.2298.228.207,MjAyQi4yNTUuMjU1LjI1NTAuMTk3LjIyOTguMjI4LjIwNw==,,
1775695927,,validity,ParseException,"Expected '.', found '%'  (at char 1), (line:1, col:2)",pyparsing/core.py,1340,success,0,False,0.930300,../IPv4-IPv6-parser/bin/linux-ipv4-parser --ipstr 6%.73.10.155.255.255 .198.228.207,bug:validity,7363f1452e5d28ba814e11ecfc801fa7,6%.73.10.155.255.255 .198.228.207,NiUuNzMuMTAuMTU1LjI1NS4yNTUgLjE5OC4yMjguMjA3,,
1775695946,,validity,ParseException,"Expected '.', found 'Q3'  (at char 1), (line:1, col:2)",pyparsing/core.py,1340,success,0,False,0.936007,../IPv4-IPv6-parser/bin/linux-ipv4-parser --ipstr 1Q3.254.22<.255.255.2550.198.2298.228207,bug:validity,4b81bfcb4e2e7873b6854ced01999a68,1Q3.254.2�2<�.255.255.2550.198.2298.228207,MVEzLjI1NC4y/zI8/y4yNTUuMjU1LjI1NTAuMTk4LjIyOTguMjI4HTIwNw==,,
1775696087,,validity,ParseException,"Expected end of text, found '.'  (at char 14), (line:1, col:15)",pyparsing/core.py,1340,success,0,False,0.948711,../IPv4-IPv6-parser/bin/linux-ipv4-parser --ipstr 161.160.209.09.092550.198.228.207,bug:validity,2f5f04cb0dd5327afc03bb235ff45922,161.1�60.209.09.092550.198.228.207,MTYxLjH/NjAuMjA5LjA5LjA5MjU1MC4xOTguMjI4LjIwNw==,,
1775696104,,validity,ParseException,"Expected '.', found '91919319193'  (at char 3), (line:1, col:4)",pyparsing/core.py,1340,success,0,False,0.974003,../IPv4-IPv6-parser/bin/linux-ipv4-parser --ipstr 19191919319193.255.63.64,bug:validity,ad6ccdc0e2044ad65c21e26c0a70d981,19191919319193.255.63.64,MTkxOTE5MTkzMTkxOTMuMjU1LjYzLjY0,,
1775696106,,validity,ParseException,"Expected '.', found '\x19'  (at char 2), (line:1, col:3)",pyparsing/core.py,1340,success,0,False,0.935954,../IPv4-IPv6-parser/bin/linux-ipv4-parser --ipstr 205N.255.255n2550.198228.27____,bug:validity,3b6016c6f5fb9e9c41db335e889756c9,205N.255.255n2550.198�228.2�7____,MjAZNU4uMjU1LjI1NW4yNTUwLjE5OP8yMjguMv83X19fXw==,,
1775696130,,validity,ParseException,"Expected '.', found 't3r'  (at char 5), (line:1, col:6)",pyparsing/core.py,1340,success,0,False,0.972216,../IPv4-IPv6-parser/bin/linux-ipv4-parser --ipstr 29.12t3r.255.25525544188.159,bug:validity,b53229cc72f96b1efc1e2637bab06c6e,29.12�t��3r�.255.255�25544188.159,MjkuMTL/dID/M3J//y4yNTUuMjU1/zI1NTQ0EzE4OC4xNTk=,,
1775696180,,validity,ParseException,"Expected end of text, found '2550'  (at char 14), (line:2, col:1)",pyparsing/core.py,1340,success,0,False,0.955752,"../IPv4-IPv6-parser/bin/linux-ipv4-parser --ipstr 230.209.09.09
2550.198.228.207",bug:validity,7a9e03b2241abcade7c926b604648ca6,230.209.09.09\n2550.198.228.207,MjMwLjIwOS4wOS4wOQoyNTUwLjE5OC4yMjguMjA3,,
1775696190,,validity,ParseException,"Expected '.', found '91'  (at char 3), (line:1, col:4)",pyparsing/core.py,1340,success,0,False,0.969018,"../IPv4-IPv6-parser/bin/linux-ipv4-parser --ipstr 20291.255.255.25,,50.198.228.207",bug:validity,e8a8cff6fe3da9c26a5b28f007f47e04,"20291.255.255.25,,50.198.228.207",MjAyOTEuMjU1LjI1NS4yNSwsNTAuMTk4LjIyOC4yMDc=,,
1775696204,,validity,ParseException,"Expected '.', found '\x15'  (at char 2), (line:1, col:3)",pyparsing/core.py,1340,success,0,False,0.933704,../IPv4-IPv6-parser/bin/linux-ipv4-parser --ipstr 2055.255}.25.255 .198.228.207,bug:validity,65ea00a9bdc4424d3d4ab311b7fdf05b,2055.255}.25.255 .198.228.207,MjAVNTUuMjU1fS4yNX8uMjU1IC4xOTguMjI4LjIwNw==,,
1775696215,,validity,ParseException,"Expected '.', found '8525'  (at char 3), (line:1, col:4)",pyparsing/core.py,1340,success,0,False,0.951200,"../IPv4-IPv6-parser/bin/linux-ipv4-parser --ipstr 2028525255255255.255.25},,5.198.228.207",bug:validity,57afa3efa07d1a3efc285e4f9ab0e0d0,"2028525255255255.255.25},,5.198.228.207",MjAyODUyNR4yNTUyNTUyNTUuMjU1LjI1fSwsNQEuMTk4LjIyOC4yMDc=,,
1775696243,,validity,ParseException,"Expected '.', found 'r3r'  (at char 6), (line:1, col:7)",pyparsing/core.py,1340,success,0,False,0.920991,../IPv4-IPv6-parser/bin/linux-ipv4-parser --ipstr 29.124r3r.255.25525544188.159,bug:validity,244240a95b20be51ba33588a594ee775,29.12�4r�3r�.255.255�25544188.159,MjkuMTL/NHL/M3J//y4yNTUuMjU1/zI1NTQ0EzE4OC4xNTk=,,
1775696245,,validity,ParseException,"Expected '.', found '9'  (at char 3), (line:1, col:4)",pyparsing/core.py,1340,success,0,False,0.938790,../IPv4-IPv6-parser/bin/linux-ipv4-parser --ipstr 19190193.255.63.64,bug:validity,7ed0b698e899a8df3679266cd3b575ef,19190193.255.63.64,MTkxOX8wMTkzLjI1NS42My42NA==,,
1775696254,,validity,ParseException,"Expected '.', found ';'  (at char 1), (line:1, col:2)",pyparsing/core.py,1340,success,0,False,0.961823,../IPv4-IPv6-parser/bin/linux-ipv4-parser --ipstr 2;.12.43r.255.25525544188.159,bug:validity,e5f8429763832fb3683f6e2fa01e60e5,2;.12.4��3r�.255.255�25544188.159,MjsuMTIuNID/M3J//y4yNTUuMjU1/zI1NTQ0EzE4OC4xNTk=,,
1775696299,,validity,ParseException,"Expected '.', found '5254'  (at char 6), (line:1, col:7)",pyparsing/core.py,1340,success,0,False,0.944793,../IPv4-IPv6-parser/bin/linux-ipv4-parser --ipstr 128.255254.63,bug:validity,bc39e79a5feb07d63922e5e2a3aac929,128.255�254.63,MTI4LjI1Na4yNTQuNjM=,,
1775696309,,validity,ParseException,"Expected '.', found '1r75'  (at char 2), (line:1, col:3)",pyparsing/core.py,1340,success,0,False,0.901343,../IPv4-IPv6-parser/bin/linux-ipv4-parser --ipstr 551r75./////255.255.25544188.159,bug:validity,a4030883cfd3d27f73c422f85522f197,551r75./////255.255.25544188.159,NTUxcjc1Li8vLy8vMjU1LjI1NS4yNTU0NBMxODguMTU5,,
1775696311,,validity,ParseException,"Expected '.', found 'N'  (at char 5), (line:1, col:6)",pyparsing/core.py,1340,success,0,False,0.928731,../IPv4-IPv6-parser/bin/linux-ipv4-parser --ipstr 21.18N.12<.55.255.2550.198.2298.228.207,bug:validity,c1dd7fa925d0bc68821b7b91e1f4a8bf,�21.18N.1�2<�.�55.255.2550.198.2298.228.207,/zIxLjE4Ti4x/zI8/i7/NTUuMjU1LjI1NTAuMTk4LjIyOTguMjI4LjIwNw==,,
1775696313,,validity,ParseException,"Expected end of text, found '_'  (at char 9), (line:1, col:10)",pyparsing/core.py,1340,success,0,False,0.919671,../IPv4-IPv6-parser/bin/linux-ipv4-parser --ipstr 63.6.65.2___55.255.25544188.159,bug:validity,1030863994b7ba8566a3635b49f9addb,63.6�.65.2___55.255.25544188.159,NjMuNv8uNjUuMl9fXzU1LjI1NS4yNTU0NBMxODguMTU5,,
1775696315,,validity,ParseException,"Expected '.', found 'N22N255'  (at char 1), (line:1, col:2)",pyparsing/core.py,1340,success,0,False,0.909527,../IPv4-IPv6-parser/bin/linux-ipv4-parser --ipstr 2N22N255.255.27.2550.198.228.215.111.12////0.121,bug:validity,1379665076251bf789ee5fe15ae74ba5,2N22N255.255.27.2550.198.228.215.111.12////0.121,Mk4yMk4yNTUuMjU1LjI3HC4yNTUwLjE5OC4yMjguMjE1LjExMS4xMi8vLy8wLjEyMQ==,,
1775696327,,validity,ParseException,"Expected '.', found '160'  (at char 3), (line:1, col:4)",pyparsing/core.py,1340,success,0,False,0.946655,../IPv4-IPv6-parser/bin/linux-ipv4-parser --ipstr 161160.209.09.092550.198.228.207,bug:validity,054560a877140d4c8b1522036ab8940b,161�1�60.209.09.092550.198.228.207,MTYx/zH/NjAuMjA5LjA5LjA5MjU1MC4xOTguMjI4LjIwNw==,,
1775696365,,validity,ParseException,"Expected '.', found '1243r'  (at char 2), (line:1, col:3)",pyparsing/core.py,1340,success,0,False,0.941826,../IPv4-IPv6-parser/bin/linux-ipv4-parser --ipstr 291243r.255.25525544188.159,bug:validity,390faa95c4343b474309415eb88eb081,29�12�4��3r�.255.255�25544188.159,Mjn/MTL/NID/M3J//y4yNTUuMjU1/zI1NTQ0EzE4OC4xNTk=,,
1775696377,,validity,ParseException,"Expected '.', found '\x01'  (at char 6), (line:1, col:7)",pyparsing/core.py,1340,success,0,False,0.953798,../IPv4-IPv6-parser/bin/linux-ipv4-parser --ipstr 20.20909.092550.198.228.207,bug:validity,dab2e800e1d1ebf7bc2e505c869d34e3,2�0.20909.092550.198.228.207,Mv8wLjIwOQEwOS4wOTI1NTAuMTk4LjIyOC4yMDc=,,
1775696421,,validity,ParseException,"Expected '.', found '6'  (at char 3), (line:1, col:4)",pyparsing/core.py,1340,success,0,False,0.959808,../IPv4-IPv6-parser/bin/linux-ipv4-parser --ipstr 2066	.78.110.55.255.2554418			8159,bug:validity,a9babe0715493cc6e084727a0882d4d3,2066	.78.110.55.255.2554418			8159,MjA2NgkuNzguMTEwLjU1LjI1NS4yNTU0NBMxOAkJCTgBMTU5,,
1775696440,,validity,ParseException,"Expected '.', found '\n'  (at char 3), (line:1, col:4)",pyparsing/core.py,1340,success,0,False,0.923131,"../IPv4-IPv6-parser/bin/linux-ipv4-parser --ipstr 202
u5.055.255.255 .$98.228.207",bug:validity,08212ab379cc6eb16184d50dba10a446,202\nu5.055.255.255 .$98.228.207,MjAyCnU1LjA1NS4yNTUuMjU1IC4kOTguMjI4LjIwNw==,,
1775696457,,validity,ParseException,"Expected '.', found '}'  (at char 7), (line:1, col:8)",pyparsing/core.py,1340,success,0,False,0.966297,../IPv4-IPv6-parser/bin/linux-ipv4-parser --ipstr 148.135}193.5355.25544188.159,bug:validity,43bfd41c7fbce667f5b6cb8e38234ad2,148.135}�193.5355.25544188.159,MTQ4LjEzNX3/MTkzLjUzNTUuMjU1NDQTMTg4LjE1OQ==,,
1775696472,,validity,ParseException,"Expected '.', found '\x7f'  (at char 4), (line:1, col:5)",pyparsing/core.py,1340,success,0,False,0.932466,../IPv4-IPv6-parser/bin/linux-ipv4-parser --ipstr 20.2909.092550.198.228.207,bug:validity,28baeb499156295425e7ac3c993c11aa,2�0.2909.092550.198.228.207,Mv8wLjJ/OQEwOS4wOTI1NTAuMTk4LjIyOC4yMDc=,,
1775696487,,validity,ParseException,"Expected '.', found '55'  (at char 8), (line:1, col:9)",pyparsing/core.py,1340,success,0,False,0.984758,../IPv4-IPv6-parser/bin/linux-ipv4-parser --ipstr 29.12.4255.255.198:::::.228.207,bug:validity,25396b379607d2d32cb9b8a157cf013e,29.12.4255.255.198:::::.228.207,MjkuMTIuNDI1NS4yNTUuMTk4Ojo6OjouMjI4LjIwNw==,,
1775696503,,validity,ParseException,"Expected '.', found '-'  (at char 6), (line:1, col:7)",pyparsing/core.py,1340,success,0,False,0.949574,../IPv4-IPv6-parser/bin/linux-ipv4-parser --ipstr 74.168---___.255.254.23,bug:validity,84b3283c853941655dc2f254671b580a,74.168---___.255.254.23,NzQuMTY4LS0tX19fLjI1NS4yNTQuMjM=,,
1775696505,,validity,ParseException,"Expected '.', found 'K'  (at char 1), (line:1, col:2)",pyparsing/core.py,1340,success,0,False,0.949947,../IPv4-IPv6-parser/bin/linux-ipv4-parser --ipstr 1K.125511,bug:validity,92bd5114e696cb20f3b86caff7542789,1�K.125511,Mf9LLjEyNTUxMQ==,,
1775696537,,validity,ParseException,"Expected '.', found '2'  (at char 3), (line:1, col:4)",pyparsing/core.py,1340,success,0,False,0.939643,"../IPv4-IPv6-parser/bin/linux-ipv4-parser --ipstr 1582,,,632<.255.255.2550.198.2298.228.207",bug:validity,fb561605eab8d64fb370e9f37bbdded5,"1582,,,63�2<�.255.255.2550.198.2298.228.207",MTU4MiwsLDYz/zI8/y4yNTUuMjU1LjI1NTAuMTk4LjIyOTguMjI4LjIwNw==,,
1775696546,,validity,ParseException,"Expected '.', found '15'  (at char 3), (line:1, col:4)",pyparsing/core.py,1340,success,0,False,0.918247,../IPv4-IPv6-parser/bin/linux-ipv4-parser --ipstr 20215.255.255.2550.198.2288.207,bug:validity,c9a6f8e7d5eefdfaa1a58db61c537c7c,20215.255.255.2550.198.2288.207,MjAyMTUuMjU1LjI1NS4yNTUwLjE5OC4yMjg4LjIwNw==,,
1775696551,,validity,ParseException,"Expected '.', found 'N76'  (at char 1), (line:1, col:2)",pyparsing/core.py,1340,success,0,False,0.927209,../IPv4-IPv6-parser/bin/linux-ipv4-parser --ipstr 2N76::::5.255.25.2550.198.28.215.111.12////0.121,bug:validity,32305adf19b457985a6318ec775d7f11,2N76::::5.255.25.2550.198.28.215.111.12////0.121,Mk43Njo6Ojo1LjI1NS4yNRwuMjU1MC4xOTguMjguMjE1LjExMS4xMi8vLy8wLjEyMQ==,,
1775696562,,validity,ParseException,"Expected '.', found ','  (at char 1), (line:1, col:2)",pyparsing/core.py,1340,success,0,False,0.956931,"../IPv4-IPv6-parser/bin/linux-ipv4-parser --ipstr 2,2B.255.255.2550.197.2298.228.207",bug:validity,da6df69ffa88c7f8b8a1289b0c8cb810,"2,2B.255.255.2550.197.2298.228.207",MiwyQi4yNTUuMjU1LjI1NTAuMTk3LjIyOTguMjI4LjIwNw==,,
1775696564,,validity,ParseException,"Expected '.', found '8'  (at char 2), (line:1, col:3)",pyparsing/core.py,1340,success,0,False,0.921177,../IPv4-IPv6-parser/bin/linux-ipv4-parser --ipstr 938.209.09.092550.198.228.207,bug:validity,bea1d8ce0f8d3cf2ff899fc67de4e6a4,938.209.09.092550.198.228.207,OTM4LjIwOS4wOS4wOTI1NTAuMTk4LjIyOC4yMDc=,,
1775696570,,validity,ParseException,"Expected '.', found '\x13'  (at char 1), (line:1, col:2)",pyparsing/core.py,1340,success,0,False,0.980930,../IPv4-IPv6-parser/bin/linux-ipv4-parser --ipstr 20.20909.092550.198.228.207,bug:validity,d38623a4e9178f11261329ff14974639,20.20909.092550.198.228.207,MhMwLjIwOQEwOS4wOTI1NTAuMTk4LjIyOC4yMDc=,,
1775696579,,validity,ParseException,"Expected '.', found '>'  (at char 1), (line:1, col:2)",pyparsing/core.py,1340,success,0,False,0.959667,../IPv4-IPv6-parser/bin/linux-ipv4-parser --ipstr 1>8___.255.254.63,bug:validity,069b64dd03e37e22facd21efe51019f8,1>8___.255.254.63,MT44X19fLjI1NS4yNTQuNjM=,,
1775696589,,validity,ParseException,"Expected '.', found '1r25'  (at char 2), (line:1, col:3)",pyparsing/core.py,1340,success,0,False,0.931098,../IPv4-IPv6-parser/bin/linux-ipv4-parser --ipstr 551r25./////255.255.25544188.159,bug:validity,786ebf0c9b8d3acb4a0ebd09d4cb21b0,551r25./////255.255.25544188.159,NTUxcjI1Li8vLy8vMjU1LjI1NS4yNTU0NBMxODguMTU5,,
1775696591,,validity,ParseException,"Expected '.', found '6'  (at char 2), (line:1, col:3)",pyparsing/core.py,1340,success,0,False,0.947112,../IPv4-IPv6-parser/bin/linux-ipv4-parser --ipstr 666.78.11.15n2550.198228.27____,bug:validity,4c6f669b953471f138b3563caaba12d0,666.78.11�.15n2550.198�228.2�7____,NjY2Ljc4LjEx/y4xNW4yNTUwLjE5OP8yMjguMv83X19fXw==,,
1775696599,,validity,ParseException,"Expected end of text, found 'n2550'  (at char 11), (line:1, col:12)",pyparsing/core.py,1340,success,0,False,0.955935,../IPv4-IPv6-parser/bin/linux-ipv4-parser --ipstr 66.78.11.15n2550.198228.27____,bug:validity,7e22e59e969a1ea1e836f2e02a453ef3,6�6.78.11�.15n2550.198�228.2�7____,Nv82Ljc4LjEx/y4xNW4yNTUwLjE5OP8yMjguMv83X19fXw==,,
1775696607,,validity,ParseException,"Expected '.', found '919193'  (at char 9), (line:1, col:10)",pyparsing/core.py,1340,success,0,False,0.979756,../IPv4-IPv6-parser/bin/linux-ipv4-parser --ipstr 84.64.191919193.255Q63.64,bug:validity,11ed6e0bebf95e70e9573016326600c7,84.64.191919193.255Q63.64,ODQuNjQuMTkxOTE5MTkzLjI1NVE2My42NA==,,
1775696616,,validity,ParseException,"Expected '.', found 'r'  (at char 6), (line:1, col:7)",pyparsing/core.py,1340,success,0,False,0.948394,../IPv4-IPv6-parser/bin/linux-ipv4-parser --ipstr 29.123r.255.25525544188.159,bug:validity,e57534389a1b54ab1fe8f054f269cd4b,29.12����3r�.255.255�25544188.159,MjkuMTL/gID/M3J//y4yNTUuMjU1/zI1NTQ0EzE4OC4xNTk=,,
1775696644,,validity,ParseException,"Expected '.', found '55555'  (at char 3), (line:1, col:4)",pyparsing/core.py,1340,success,0,False,0.920222,../IPv4-IPv6-parser/bin/linux-ipv4-parser --ipstr 20255555.255n2550.198228.27____,bug:validity,8db5076184321b69b89a59adb71718b5,202555�55.255n2550.198�228.2�7____,MjAyNTU1sjU1LjI1NW4yNTUwLjE5OP8yMjguMv83X19fXw==,,
1775696658,,validity,ParseException,"Expected '.', found '544'  (at char 8), (line:1, col:9)",pyparsing/core.py,1340,success,0,False,0.969192,../IPv4-IPv6-parser/bin/linux-ipv4-parser --ipstr 5.254.25544188.159,bug:validity,b1366a3a526dd459d32593397a971007,5.254.25544188.159,NS4yNTQuMjU1NDQTMTg4LjE1OQ==,,
1775696663,,validity,ParseException,"Expected '.', found '552u5'  (at char 3), (line:1, col:4)",pyparsing/core.py,1340,success,0,False,0.961960,../IPv4-IPv6-parser/bin/linux-ipv4-parser --ipstr 202552u5.255n2550.198228.27____,bug:validity,c942ea6c8e61d2d3d9b700b6defa8227,2025�52u5.255n2550.198�228.2�7____,MjAyNbU1MnU1LjI1NW4yNTUwLjE5OP8yMjguMv83X19fXw==,,
1775696668,,validity,ParseException,"Expected '.', found '19'  (at char 7), (line:1, col:8)",pyparsing/core.py,1340,success,0,False,1.670547,"../IPv4-IPv6-parser/bin/linux-ipv4-parser --ipstr 148.13519(.1355.2554,4188.159",bug:validity,2bb71dfbf0c0eb61d613c726a1817c71,"148.135�19(.1355.2554,4188.159",MTQ4LjEzNf8xOSguMTM1NS4yNTU0LDQTMTg4LjE1OQ==,,
1775696682,,validity,ParseException,"Expected '.', found '\x18'  (at char 2), (line:1, col:3)",pyparsing/core.py,1340,success,0,False,0.939446,../IPv4-IPv6-parser/bin/linux-ipv4-parser --ipstr 2929.292V2929.29.12.48.3r:5.255.255.25544188159,bug:validity,0b3f14b70986d3264e1dc85d913b8e24,2929.292V2929.29.12.48.3r:5.255.255.25544188159,MjkYMjkuMjkyVjI5MjkuMjkuMTIuNDguM3I6NS4yNTUuMjU1LjI1NTQ0EzE4OAExNTk=,,
1775696688,,validity,ParseException,"Expected '.', found '&'  (at char 3), (line:1, col:4)",pyparsing/core.py,1340,success,0,False,0.939033,../IPv4-IPv6-parser/bin/linux-ipv4-parser --ipstr 210&201.850.5.255.2550.198.2298.228.207,bug:validity,89994305b3d0920dbd7d19e0f6d3a00f,210&201.850.5.255.2550.198.2298.228.207,MjEwJjIwMS44NTAuNS4yNTUuMjU1MC4xOTguMjI5OC4yMjguMjA3,,
1775696711,,validity,ParseException,"Expected '.', found 'j255'  (at char 1), (line:1, col:2)",pyparsing/core.py,1340,success,0,False,0.944609,../IPv4-IPv6-parser/bin/linux-ipv4-parser --ipstr 2j255.255.25.2550.198.22.215.111.12////0.121,bug:validity,a3142c43b10753e9df513111a3040e51,2j255.255.25.2550.198.22.215.111.12////0.121,MmoyNTUuMjU1LjI1HC4yNTUwLjE5OC4yMn8uMjE1LjExMS4xMi8vLy8wLjEyMQ==,,
1775696713,,validity,ParseException,"Expected '.', found '255255255255'  (at char 3), (line:1, col:4)",pyparsing/core.py,1340,success,0,False,0.916224,"../IPv4-IPv6-parser/bin/linux-ipv4-parser --ipstr 185255255255255.255.25},,5.198.228.207",bug:validity,456d0146e8e97ec5fcaabe8be3d14461,"185255255255255.255.25},,5.198.228.207",MTg1MjU1MjU1MjU1MjU1LjI1NS4yNX0sLDUBLjE5OC4yMjguMjA3,,
1775696734,,validity,ParseException,"Expected '.', found '9'  (at char 2), (line:1, col:3)",pyparsing/core.py,1340,success,0,False,0.956443,../IPv4-IPv6-parser/bin/linux-ipv4-parser --ipstr 999.12.48.3r5.255.25525544188.159,bug:validity,1857b5a1e271bf5d5a19811924ad7e47,999.12.48.3r5.255.25525544188.159,OTk5LjEyLjQ4LjNyNS4yNTUuMjU1MjU1NDQTMTg4LjE1OQ==,,
1775696737,,validity,ParseException,"Expected '.', found '295'  (at char 2), (line:1, col:3)",pyparsing/core.py,1340,success,0,False,0.940887,"../IPv4-IPv6-parser/bin/linux-ipv4-parser --ipstr 00295.255.255.25,,50.198.228.207",bug:validity,fe09c7f97d940eb7603a94708e9c5f1a,"00295.255.255.25,,50.198.228.207",MDAyOTUuMjU1LjI1NS4yNSwsNTAuMTk4LjIyOC4yMDc=,,
1775696765,,validity,ParseException,"Expected '.', found '52'  (at char 6), (line:1, col:7)",pyparsing/core.py,1340,success,0,False,1.014231,../IPv4-IPv6-parser/bin/linux-ipv4-parser --ipstr 128.25524.63,bug:validity,1b8724e733acc47d9b286f99c5af4969,128.255�24.63,MTI4LjI1Na4yFjQuNjM=,,
1775696774,,validity,ParseException,"Expected '.', found '95555'  (at char 3), (line:1, col:4)",pyparsing/core.py,1340,success,0,False,0.920513,../IPv4-IPv6-parser/bin/linux-ipv4-parser --ipstr 20295555.255n2550.198228.27____,bug:validity,2f718a51fd73c27b3ff4bb4c8a24a62e,20295555.255n2550.198228.27____,MjAyOTU1NTUuMjU1bjI1NTAuMTk4MjI4LjI3X19fXw==,,
1775696786,,validity,ParseException,"Expected '.', found '/'  (at char 7), (line:1, col:8)",pyparsing/core.py,1340,success,0,False,0.954560,../IPv4-IPv6-parser/bin/linux-ipv4-parser --ipstr 155.120//255.251.55.2550.198.228.207,bug:validity,6a86c39ef69caebc751c7596c641d812,155.120//255.251.�55.2550.198.228.207,MTU1LjEyMC8vMjU1LjI1MS7/NTUuMjU1MC4xOTguMjI4LjIwNw==,,
1775696801,,validity,ParseException,"Expected '.', found '\x1b'  (at char 10), (line:1, col:11)",pyparsing/core.py,1340,success,0,False,0.947772,"../IPv4-IPv6-parser/bin/linux-ipv4-parser --ipstr 148.135.19.1355.2554,4188.159",bug:validity,7a90a6ee39746a603c6433d6b3062bf1,"148.135.19.1355.2554,4188.159",MTQ4LjEzNS4xORsuMTM1NS4yNTU0LDQTMTg4LjE1OQ==,,
1775696815,,validity,ParseException,"Expected '.', found '\x7f'  (at char 8), (line:1, col:9)",pyparsing/core.py,1340,success,0,False,0.975783,../IPv4-IPv6-parser/bin/linux-ipv4-parser --ipstr 29.29.2929__.12.+8.3r55.255.255.25544188159,bug:validity,747d674997a4ecc3e1e4dc2f6f9f819f,29.29.2929__.12.+8.3r55.255.255.25544188159,MjkuMjkuMjl/MjlfXy4xMi4rOC4zcjU1LjI1NS4yNTUuMjU1NDQTMTg4ATE1OQ==,,
1775696821,,validity,ParseException,"Expected '.', found '555'  (at char 7), (line:1, col:8)",pyparsing/core.py,1340,success,0,False,0.913298,../IPv4-IPv6-parser/bin/linux-ipv4-parser --ipstr 155.125555.555,bug:validity,348dac074ab13fa669c93106b07c3b26,155.125555.555,MTU1LjEyNTU1NS41NTU=,,
1775696829,,validity,ParseException,"Expected '.', found '9525525525285'  (at char 3), (line:1, col:4)",pyparsing/core.py,1340,success,0,False,0.963785,"../IPv4-IPv6-parser/bin/linux-ipv4-parser --ipstr 2029525525525285.255.25},,5.198.228.207",bug:validity,a1ea2961469b30b24cbc7ffd2548fe45,"202952552552�5285.255.25},,5.198.228.207",MjAyOTUyNTUyNTUy/zUyODUuMjU1LjI1fSwsNQEuMTk4LjIyOC4yMDc=,,
1775696896,,validity,ParseException,"Expected '.', found 'E'  (at char 2), (line:1, col:3)",pyparsing/core.py,1340,success,0,False,0.965673,../IPv4-IPv6-parser/bin/linux-ipv4-parser --ipstr 93E.209.09.092550.198.228.207,bug:validity,7af4ce5279f85631750ee39a5b59a4d8,93E.209.09.092550.198.228.207,OTNFLjIwOS4wOS4wOTI1NTAuMTk4LjIyOC4yMDc=,,
1775696955,,validity,ParseException,"Expected '.', found '516'  (at char 7), (line:1, col:8)",pyparsing/core.py,1340,success,0,False,0.937012,../IPv4-IPv6-parser/bin/linux-ipv4-parser --ipstr 155.125516,bug:validity,8cd5e3ef008942238cf43396eb49c2f6,155.125516,MTU1LjEyNTUxNg==,,
1775696966,,validity,ParseException,"Expected '.', found 'C'  (at char 2), (line:1, col:3)",pyparsing/core.py,1340,success,0,False,0.936438,../IPv4-IPv6-parser/bin/linux-ipv4-parser --ipstr 20C		5.255.255.2550.197.22207,bug:validity,7f08c2ce527779fe5ecec6cd21aae84f,20C		5.255.255.2550.197.22207,MjBDCQk1LjI1NS4yNTUuMjU1MC4xOTcuMjIyMDc=,,
1775696992,,validity,ParseException,"Expected '.', found '255'  (at char 2), (line:1, col:3)",pyparsing/core.py,1340,success,0,False,0.950955,../IPv4-IPv6-parser/bin/linux-ipv4-parser --ipstr 60255.255.25.2550.18.228.215.111.120.121,bug:validity,9900cc08b46b30dc0808bd046ff7d6ee,60255.255.25�.2550.1�8.228.215.111.120.121,NjAyNTUuMjU1LjI1nC4yNTUwLjGAOC4yMjguMjE1LjExMS4xMjAuMTIx,,
1775697018,,validity,ParseException,"Expected '.', found '511'  (at char 6), (line:1, col:7)",pyparsing/core.py,1340,success,0,False,0.934619,../IPv4-IPv6-parser/bin/linux-ipv4-parser --ipstr 15.125511,bug:validity,d5e5482d529323b59cbcb97069f686b8,15�.125511,MTWALjEyNTUxMQ==,,
1775697022,,validity,ParseException,"Expected end of text, found '='  (at char 11), (line:1, col:12)",pyparsing/core.py,1340,success,0,False,0.923323,../IPv4-IPv6-parser/bin/linux-ipv4-parser --ipstr 29.12.48.25=.255.255.2553r55.255.255.255141884188.159,bug:validity,c94312fe4ae2c6cce79bcca577dc1982,29.12.48.25=.255.255.2553r55.255.255.255141884188.159,MjkuMTIuNDguMjU9LjI1NS4yNTUuMjU1M3I1NS4yNTUuMjU1LjI1NTE0EzE4ODQTMTg4LjE1OQ==,,
1775697027,,validity,ParseException,"Expected '.', found '9127'  (at char 9), (line:1, col:10)",pyparsing/core.py,1340,success,0,False,0.933407,../IPv4-IPv6-parser/bin/linux-ipv4-parser --ipstr 84.64.1919127.0.0.119193.255Q63.64,bug:validity,b0cbb09d647fa347d71414023f07f97b,84.64.1919127.0.0.119193.255Q63.64,ODQuNjQuMTkxOTEyNy4wLjAuMTE5MTkzLjI1NVE2My42NA==,,
1775697045,,validity,ParseException,"Expected '.', found ','  (at char 6), (line:1, col:7)",pyparsing/core.py,1340,success,0,False,0.918811,"../IPv4-IPv6-parser/bin/linux-ipv4-parser --ipstr 155.12,,,,55.255.255.25544188.159",bug:validity,a8d16d4b23cc2e9f358690ab57ef5120,"155.12,,,,55.255.255.25544188.159",MTU1LjEyLCwsLDU1LjI1NS4yNTUuMjU1NDQTMTg4LjE1OQ==,,
1775697050,,validity,ParseException,"Expected '.', found '524'  (at char 6), (line:1, col:7)",pyparsing/core.py,1340,success,0,False,0.939262,../IPv4-IPv6-parser/bin/linux-ipv4-parser --ipstr 128.25524.63,bug:validity,152aeb715fbc9062df6d3fe67c5c3896,128.255�2�4.63,MTI4LjI1Na4y/zQuNjM=,,
1775697055,,validity,ParseException,"Expected '.', found '9C9919C9193'  (at char 3), (line:1, col:4)",pyparsing/core.py,1340,success,0,False,0.957129,../IPv4-IPv6-parser/bin/linux-ipv4-parser --ipstr 1919C9919C9193.255.63.>4,bug:validity,f6808b9378d967be236eb6a3e17fb779,1919C9919C9193.255.63.>4,MTkxOUM5OTE5QzkxOTMuMjU1LjYzLj40,,
1775697056,,validity,ParseException,"Expected '.', found 'O124r3r'  (at char 2), (line:1, col:3)",pyparsing/core.py,1340,success,0,False,0.953480,../IPv4-IPv6-parser/bin/linux-ipv4-parser --ipstr 29O124r3r.255.25525544188.159,bug:validity,79f069e74efd2448f03c47ab220295e5,29O12�4r�3r�.255.255�25544188.159,MjlPMTL/NHL/M3J//y4yNTUuMjU1/zI1NTQ0EzE4OC4xNTk=,,
1775697063,,validity,ParseException,"Expected '.', found '127'  (at char 6), (line:1, col:7)",pyparsing/core.py,1340,success,0,False,0.945429,../IPv4-IPv6-parser/bin/linux-ipv4-parser --ipstr 29.122127.0.0.148.3r55.255.255.25544188.159,bug:validity,8e6e821594c2d5533130bd2a0859982a,29.122127.0.0.148.3r55.255.255.25544188.159,MjkuMTIyMTI3LjAuMC4xNDguM3I1NS4yNTUuMjU1LjI1NTQ0EzE4OC4xNTk=,,
1775697065,,validity,ParseException,"Expected '.', found '511'  (at char 5), (line:1, col:6)",pyparsing/core.py,1340,success,0,False,0.957394,../IPv4-IPv6-parser/bin/linux-ipv4-parser --ipstr 1.125511,bug:validity,2cf2f7eac523bb5c7919bd77bba0700d,1��.125511,Mf//LjEyNTUxMQ==,,
1775697066,,validity,ParseException,"Expected '.', found 'n25544'  (at char 2), (line:1, col:3)",pyparsing/core.py,1340,success,0,False,0.947797,../IPv4-IPv6-parser/bin/linux-ipv4-parser --ipstr 55n25544188159,bug:validity,d50c4ece152dfd074fedb02fb1901e98,55n25544188159,NTVuMjU1NDQTMTg4ATE1OQ==,,
1775697073,,validity,ParseException,"Expected '.', found '524'  (at char 5), (line:1, col:6)",pyparsing/core.py,1340,success,0,False,0.943683,../IPv4-IPv6-parser/bin/linux-ipv4-parser --ipstr 28.25524.63,bug:validity,799bc576f4b263561d5de142e17dbecd,�28.255�2�4.63,/zI4LjI1Na4y/zQuNjM=,,
1775697098,,validity,ParseException,"Expected end of text, found '>'  (at char 10), (line:1, col:11)",pyparsing/core.py,1340,success,0,False,0.945657,../IPv4-IPv6-parser/bin/linux-ipv4-parser --ipstr 29.12.48.3>3r5.255.255.25544188.159,bug:validity,f7df1503d1026f366f5ed7b34701a407,29.12.48.3>3r5.255.255.25544188.159,MjkuMTIuNDguMz4zcjUuMjU1LjI1NS4yNTU0NBMxODguMTU5,,
1775697142,,validity,ParseException,"Expected '.', found '255250255255'  (at char 3), (line:1, col:4)",pyparsing/core.py,1340,success,0,False,2.443070,"../IPv4-IPv6-parser/bin/linux-ipv4-parser --ipstr 185255250255255.255.25},,5.198.228.207",bug:validity,c7e6be36f891cfa272d2b0fd20ea5024,"185255250255255.255.25},,5.198.228.207",MTg1MjU1MjUwMjU1MjU1LjI1NS4yNX0sLDUBLjE5OC4yMjguMjA3,,
1775697162,,validity,ParseException,"Expected '.', found '511'  (at char 4), (line:1, col:5)",pyparsing/core.py,1340,success,0,False,0.937814,../IPv4-IPv6-parser/bin/linux-ipv4-parser --ipstr 1.25511,bug:validity,8a36fe6c3a7257a7250a068c67732903,1��.�25511,Mf//Lv8yNTUxMQ==,,
1775697176,,validity,ParseException,"Expected '.', found '516'  (at char 6), (line:1, col:7)",pyparsing/core.py,1340,success,0,False,0.962796,../IPv4-IPv6-parser/bin/linux-ipv4-parser --ipstr 15.125516,bug:validity,c6bb9af3999ff3ff1e59f66ddad783c3,1�5.125516,Mf81LjEyNTUxNg==,,
1775697219,,validity,ParseException,"Expected '.', found '\x14'  (at char 8), (line:1, col:9)",pyparsing/core.py,1340,success,0,False,0.946854,../IPv4-IPv6-parser/bin/linux-ipv4-parser --ipstr 29.12.483r.255.25525544188.159,bug:validity,2041dc133a059559911c8aa663d00b85,29.12.483r�.255.255�25544188.159,MjkuMTIuNDgUM3J//y4yNTUuMjU1/zI1NTQ0EzE4OC4xNTk=,,
1775697221,,validity,ParseException,"Expected '.', found '5'  (at char 8), (line:1, col:9)",pyparsing/core.py,1340,success,0,False,0.961560,../IPv4-IPv6-parser/bin/linux-ipv4-parser --ipstr 161.1.255.255164.182,bug:validity,af507cb36ab7b95bc7b803472be1a7b0,161.1.255.255164.182,MTYxLjEuMjU1LjI1NTE2NC4xODI=,,
1775697260,,validity,ParseException,"Expected '.', found '2552552552u5'  (at char 3), (line:1, col:4)",pyparsing/core.py,1340,success,0,False,0.943519,"../IPv4-IPv6-parser/bin/linux-ipv4-parser --ipstr 1852552552552u5.255.25},,5.198.228.207",bug:validity,2273491c37d908b34b960adff9445401,"1852552552552u5.255.25},,5.198.228.207",MTg1MjU1MjU1MjU1MnU1LjI1NS4yNX0sLDUBLjE5OC4yMjguMjA3,,
1775697264,,validity,ParseException,"Expected '.', found '52'  (at char 5), (line:1, col:6)",pyparsing/core.py,1340,success,0,False,0.902995,../IPv4-IPv6-parser/bin/linux-ipv4-parser --ipstr 28.25524.63,bug:validity,c1303d49daf28784027b595f97bb84bf,�28.255�24.63,/zI4LjI1Na4yHjQuNjM=,,
1775697268,,validity,ParseException,"Expected '.', found '5N255'  (at char 3), (line:1, col:4)",pyparsing/core.py,1340,success,0,False,2.398463,../IPv4-IPv6-parser/bin/linux-ipv4-parser --ipstr 2025N255.255n2550.198228.27____,bug:validity,31fa4dbf94647a4d4e5c956b55b785f4,2025N�255.255n2550.198�228.2�7____,MjAyNU7/MjU1LjI1NW4yNTUwLjE5OP8yMjguMv83X19fXw==,,
1775697274,,validity,ParseException,"Expected '.', found '9555255255255'  (at char 3), (line:1, col:4)",pyparsing/core.py,1340,success,0,False,0.959757,"../IPv4-IPv6-parser/bin/linux-ipv4-parser --ipstr 2029555255255255.255.25},,5.198.228.207",bug:validity,6242c9db87d37f040d905c253d550e73,"20295�55255255255.255.25},,5.198.228.207",MjAyOTX/NTUyNTUyNTUyNTUuMjU1LjI1fSwsNQEuMTk4LjIyOC4yMDc=,,
1775697284,,validity,ParseException,"Expected '.', found '16'  (at char 3), (line:1, col:4)",pyparsing/core.py,1340,success,0,False,0.951384,../IPv4-IPv6-parser/bin/linux-ipv4-parser --ipstr 16116.209.09.092550.198.228.207,bug:validity,bbc7370e46b784bd9fb56e1cb39be6dd,161�1�6�.209.09.092550.198.228.207,MTYx/zH/Nv8uMjA5LjA5LjA5MjU1MC4xOTguMjI4LjIwNw==,,
1775697319,,validity,ParseException,"Expected '.', found '\x7f'  (at char 7), (line:1, col:8)",pyparsing/core.py,1340,success,0,False,0.937365,../IPv4-IPv6-parser/bin/linux-ipv4-parser --ipstr 29.29.929__.12.+8.3r55.255.255.25544188159,bug:validity,448ff889cc3ad08134022d297fb75496,29.29.�929__.12.+8.3r55.255.255.25544188159,MjkuMjku/zl/MjlfXy4xMi4rOC4zcjU1LjI1NS4yNTUuMjU1NDQTMTg4ATE1OQ==,,
1775697331,,validity,ParseException,"Expected '.', found '54'  (at char 3), (line:1, col:4)",pyparsing/core.py,1340,success,0,False,2.452736,../IPv4-IPv6-parser/bin/linux-ipv4-parser --ipstr 20254.255.25.255 .198.228.207,bug:validity,724d2d8b3a987f2c5fa5f3f6a63725c0,20254.255.25.255 .198.228.207,MjAyNTQuMjU1LjI1fy4yNTUgLjE5OC4yMjguMjA3,,
1775697334,,validity,ParseException,"Expected '.', found ' '  (at char 3), (line:1, col:4)",pyparsing/core.py,1340,success,0,False,0.901965,../IPv4-IPv6-parser/bin/linux-ipv4-parser --ipstr 148 135}193.5355.25544188.159,bug:validity,bc9f5c14cf033d8e4af533b767328350,148 135}�193.5355.25544188.159,MTQ4IDEzNX3/MTkzLjUzNTUuMjU1NDQTMTg4LjE1OQ==,,
1775697391,,validity,ParseException,"Expected '.', found '524'  (at char 4), (line:1, col:5)",pyparsing/core.py,1340,success,0,False,0.966760,../IPv4-IPv6-parser/bin/linux-ipv4-parser --ipstr 2.25524.63,bug:validity,4458cc3eba52bc18d00ee5f11ddf6492,�2�.255�2�4.63,/zL/LjI1Na4y/zQuNjM=,,
1775697395,,validity,ParseException,"Expected '.', found '9C9919C9173'  (at char 3), (line:1, col:4)",pyparsing/core.py,1340,success,0,False,0.930078,../IPv4-IPv6-parser/bin/linux-ipv4-parser --ipstr 1919C9919C9173.255.63.>4,bug:validity,791fd3c38341ea5d53c73c9ace533e50,1919C9919C9173.255.63.>4,MTkxOUM5OTE5QzkxNzMuMjU1LjYzLj40,,
1775697400,,validity,ParseException,"Expected '.', found '51'  (at char 7), (line:1, col:8)",pyparsing/core.py,1340,success,0,False,0.955975,../IPv4-IPv6-parser/bin/linux-ipv4-parser --ipstr 155.12551../1,bug:validity,3e452b3b193eb7b09fe6411f9c3efd40,155.12551../1,MTU1LjEyNTUxLi4vMQ==,,
1775697407,,validity,ParseException,"Expected '.', found '&'  (at char 7), (line:1, col:8)",pyparsing/core.py,1340,success,0,False,0.968921,../IPv4-IPv6-parser/bin/linux-ipv4-parser --ipstr 161.186&255.255.255.255164.182,bug:validity,da860f0e06e6686094ff08f65eedd2fb,161.186&255.255.255.255164.182,MTYxLjE4NiYyNTUuMjU1LjI1NS4yNTUxNjQuMTgy,,
1775697408,,validity,ParseException,"Expected '.', found '54'  (at char 5), (line:1, col:6)",pyparsing/core.py,1340,success,0,False,0.925390,../IPv4-IPv6-parser/bin/linux-ipv4-parser --ipstr 55.2554188159,bug:validity,2a8f1e1f6b51366bc842902301288027,55.2554�188159,NTUuMjU1NIATMTg4ATE1OQ==,,
1775697433,,validity,ParseException,"Expected '.', found '25525255255'  (at char 3), (line:1, col:4)",pyparsing/core.py,1340,success,0,False,0.942244,"../IPv4-IPv6-parser/bin/linux-ipv4-parser --ipstr 18525525255255.255.25},,5.198.228.207",bug:validity,5bbbfaf4081385a1695e45b303fed53b,"18525525�255255.255.25},,5.198.228.207",MTg1MjU1MjWAMjU1MjU1LjI1NS4yNX0sLDUBLjE5OC4yMjguMjA3,,
1775697481,,validity,ParseException,"Expected '.', found '\x01'  (at char 1), (line:1, col:2)",pyparsing/core.py,1340,success,0,False,0.906803,../IPv4-IPv6-parser/bin/linux-ipv4-parser --ipstr 18 135}193.5355.25544188.159,bug:validity,22aa6141d5da4cc9896d90c7e3a4bcf8,18 135}�193.5355.25544188.159,MQE4IDEzNX3/MTkzLjUzNTUuMjU1NDQTMTg4LjE1OQ==,,
1775697487,,validity,ParseException,"Expected '.', found '255255250'  (at char 3), (line:1, col:4)",pyparsing/core.py,1340,success,0,False,1.713707,"../IPv4-IPv6-parser/bin/linux-ipv4-parser --ipstr 185255255250.0.0.052u5.255.25},,5.198.228.207",bug:validity,553ed51a947769ddbf60aa3d7e2e3c9f,"185255255250.0.0.052u5.255.25},,5.198.228.207",MTg1MjU1MjU1MjUwLjAuMC4wNTJ1NS4yNTUuMjV9LCw1AS4xOTguMjI4LjIwNw==,,
1775697492,,validity,ParseException,"Expected '.', found '525544'  (at char 5), (line:1, col:6)",pyparsing/core.py,1340,success,0,False,0.940779,../IPv4-IPv6-parser/bin/linux-ipv4-parser --ipstr 63.25525544188.159,bug:validity,9ec1975bf60e4dffb350a68aa028790a,63.255�25544188.159,NjMuMjU1/zI1NTQ0EzE4OC4xNTk=,,
1775697501,,validity,ParseException,"Expected '.', found '9C993'  (at char 3), (line:1, col:4)",pyparsing/core.py,1340,success,0,False,0.932927,../IPv4-IPv6-parser/bin/linux-ipv4-parser --ipstr 1919C993.255.63.>4,bug:validity,9a71d8f9680f9f8dba4fcf6e6c10fbbc,1919C9�93.255.63.>4,MTkxOUM5/zkzLjI1NS42My4+NA==,,
1775697512,,validity,ParseException,"Expected '.', found '552u'  (at char 3), (line:1, col:4)",pyparsing/core.py,1340,success,0,False,0.939375,../IPv4-IPv6-parser/bin/linux-ipv4-parser --ipstr 205552u/////5.255n2550.198228.27____,bug:validity,309de84cbc737656a87effdbfb47913d,20�5552u/////5.255n2550.198228.27____,MjCANTU1MnUvLy8vLzUuMjU1bjI1NTAuMTk4MjI4LjI3X19fXw==,,
1775697516,,validity,ParseException,"Expected '.', found '29'  (at char 2), (line:1, col:3)",pyparsing/core.py,1340,success,0,False,0.938247,../IPv4-IPv6-parser/bin/linux-ipv4-parser --ipstr 2929.2929__.12.+8.3r55.255.255.25544188159,bug:validity,0e3fd51b9c6174f70f3d92c1538b8f7f,29�29.2929__.12.+8.3r55.255.255.25544188159,Mjn/MjkuMjl/MjlfXy4xMi4rOC4zcjU1LjI1NS4yNTUuMjU1NDQTMTg4ATE1OQ==,,
1775697523,,validity,ParseException,"Expected '.', found '5252552'  (at char 6), (line:1, col:7)",pyparsing/core.py,1340,success,0,False,0.966666,../IPv4-IPv6-parser/bin/linux-ipv4-parser --ipstr 28.25252525524.63,bug:validity,27e585a48caa9b7550cef6bf33822abb,28.25252525524.63,MjguMjUyNTI1MjU1Mh40LjYz,,
1775697527,,validity,ParseException,"Expected '.', found 'C'  (at char 4), (line:1, col:5)",pyparsing/core.py,1340,success,0,False,0.957640,../IPv4-IPv6-parser/bin/linux-ipv4-parser --ipstr 29.1C.8.255.255.255.2553r55.255.255.25544188.159,bug:validity,40d138e2c0db51bb39fce0eee61c1702,29.1C.�8.255.255.255.2553r55.255.255.25544188.159,MjkuMUMu/zguMjU1LjI1NS4yNTUuMjU1M3I1NS4yNTUuMjU1LjI1NTQ0EzE4OC4xNTk=,,
1775697529,,validity,ParseException,"Expected end of text, found 'r55'  (at char 9), (line:1, col:10)",pyparsing/core.py,1340,success,0,False,0.939265,../IPv4-IPv6-parser/bin/linux-ipv4-parser --ipstr 29.12.8.3r55.255.255.25544188.159,bug:validity,50b2509f984f92e147f4c07fcce9b570,29.12.�8.3r55.255.255.25544188.159,MjkuMTIu/zguM3I1NS4yNTUuMjU1LjI1NTQ0EzE4OC4xNTk=,,
1775697536,,validity,ParseException,"Expected '.', found '125516'  (at char 3), (line:1, col:4)",pyparsing/core.py,1340,success,0,False,0.937016,../IPv4-IPv6-parser/bin/linux-ipv4-parser --ipstr 155125516,bug:validity,56af5dcc916f2519dbaa00f55fde41e4,155�125516,MTU1/zEyNTUxNg==,,
1775697539,,validity,ParseException,"Expected '.', found '25525525544'  (at char 3), (line:1, col:4)",pyparsing/core.py,1340,success,0,False,0.947390,../IPv4-IPv6-parser/bin/linux-ipv4-parser --ipstr 18525525525544188.159,bug:validity,2209374dee7ea5ed711d199b0a427d9d,18525525525544188.159,MTg1MjU1MjU1MjU1NDQTMTg4LjE1OQ==,,
1775697547,,validity,ParseException,"Expected '.', found '952552552'  (at char 3), (line:1, col:4)",pyparsing/core.py,1340,success,0,False,0.948843,"../IPv4-IPv6-parser/bin/linux-ipv4-parser --ipstr 202952552552=5255.255.25},,5.198.228.207",bug:validity,133b7107f4cdd4db3b1be7ef3b143d54,"202952552552=5255.255.25},,5.198.228.207",MjAyOTUyNTUyNTUyPTUyNTUuMjU1LjI1fSwsNQEuMTk4LjIyOC4yMDc=,,
1775697553,,validity,ParseException,"Expected '.', found 'Lr'  (at char 6), (line:1, col:7)",pyparsing/core.py,1340,success,0,False,0.931289,../IPv4-IPv6-parser/bin/linux-ipv4-parser --ipstr 29.124Lr.255.25525544188.159,bug:validity,7feb1bbdcbed0920961e0c12cffd4b3d,29.12�4��Lr�.255.255�25544188.159,MjkuMTL/NID/THJ//y4yNTUuMjU1/zI1NTQ0EzE4OC4xNTk=,,
1775697581,,validity,ParseException,"Expected '.', found '50'  (at char 2), (line:1, col:3)",pyparsing/core.py,1340,success,0,False,0.937343,../IPv4-IPv6-parser/bin/linux-ipv4-parser --ipstr 2550.197.22207,bug:validity,71f4ff0f9c889f060efd911d2f3f8240,2550.197.22207,MjU1MC4xOTcuMjIyMDc=,,
1775697584,,validity,ParseException,"Expected '.', found '?'  (at char 5), (line:1, col:6)",pyparsing/core.py,1340,success,0,False,0.926792,../IPv4-IPv6-parser/bin/linux-ipv4-parser --ipstr 148.1?5.193.  1355.25544188.159,bug:validity,5ba7d0c4cb89347c9b15acfd999ab877,148.1?5.193.  1355.25544188.159,MTQ4LjE/NS4xOTMuICAxMzU1LjI1NTQ0EzE4OC4xNTk=,,
1775697586,,validity,ParseException,"Expected '.', found '919193'  (at char 5), (line:1, col:6)",pyparsing/core.py,1340,success,0,False,0.923851,../IPv4-IPv6-parser/bin/linux-ipv4-parser --ipstr 84.61919193.255Q63.64,bug:validity,e74487728927156efc0c6bd36a5c5c55,84.61919193.255Q63.64,ODQuNjE5MTkxOTMuMjU1UTYzLjY0,,
1775697588,,validity,ParseException,"Expected '.', found '85'  (at char 3), (line:1, col:4)",pyparsing/core.py,1340,success,0,False,0.930726,"../IPv4-IPv6-parser/bin/linux-ipv4-parser --ipstr 202855255255255.255.25},,5.198.228.207",bug:validity,d0181463202687b121fd87cc8ddc7ddd,"202855255255255.255.25},,5.198.228.207",MjAyODV/NR4yNTUyNTUyNTUuMjU1LjI1fSwsNQEuMTk4LjIyOC4yMDc=,,
1775697598,,validity,ParseException,"Expected '.', found '9C9919C917D'  (at char 3), (line:1, col:4)",pyparsing/core.py,1340,success,0,False,0.910404,../IPv4-IPv6-parser/bin/linux-ipv4-parser --ipstr 1919C9919C917D.255.63.>4,bug:validity,2451095f006617d501f8e7599a4c7b25,1919C9919C917D.255.63.>4,MTkxOUM5OTE5QzkxN0QuMjU1LjYzLj40,,
1775697601,,validity,ParseException,"Expected '.', found '25'  (at char 3), (line:1, col:4)",pyparsing/core.py,1340,success,0,False,0.965057,"../IPv4-IPv6-parser/bin/linux-ipv4-parser --ipstr 18525		52552552u5.255.25},,5.198.228.207",bug:validity,31270a277a61a0814acadea0dd71001a,"18525		52552552u5.255.25},,5.198.228.207",MTg1MjUJCTUyNTUyNTUydTUuMjU1LjI1fSwsNQEuMTk4LjIyOC4yMDc=,,
1775697606,,validity,ParseException,"Expected '.', found '1251551251551255'  (at char 3), (line:1, col:4)",pyparsing/core.py,1340,success,0,False,0.942309,../IPv4-IPv6-parser/bin/linux-ipv4-parser --ipstr 1551251551251551255.255.255.25544188.159,bug:validity,fbc3a81c7207daabe79a79003de7776b,1551251551251551255.255.255.25544188.159,MTU1MTI1MTU1MTI1MTU1MTI1NS4yNTUuMjU1LjI1NTQ0EzE4OC4xNTk=,,
1775697611,,validity,ParseException,"Expected '.', found '11255'  (at char 3), (line:1, col:4)",pyparsing/core.py,1340,success,0,False,0.918668,../IPv4-IPv6-parser/bin/linux-ipv4-parser --ipstr 15111255.255.255.25544188.159,bug:validity,96a89e7c94f5698df73297872cd7f847,15111255.255.255.25544188.159,MTUxMTEyNTUuMjU1LjI1NS4yNTU0NBMxODguMTU5,,
1775697615,,validity,ParseException,"Expected '.', found '127'  (at char 5), (line:1, col:6)",pyparsing/core.py,1340,success,0,False,2.457922,../IPv4-IPv6-parser/bin/linux-ipv4-parser --ipstr 29.29127.0.0.1.29.29.12.48.3r55.255.255.25544188159,bug:validity,1225c6d0a67a9a5b6e6bc062987977b1,29.29127.0.0.1.29.29.12.48.3r55.255.255.25544188159,MjkuMjkxMjcuMC4wLjEuMjkuMjkuMTIuNDguM3I1NS4yNTUuMjU1LjI1NTQ0EzE4OAExNTk=,,
1775697646,,validity,ParseException,"Expected '.', found '1'  (at char 2), (line:1, col:3)",pyparsing/core.py,1340,success,0,False,2.365624,../IPv4-IPv6-parser/bin/linux-ipv4-parser --ipstr 461.186.2:::::55.255.255.255164.182,bug:validity,faf304857dd181f59a216d7baef1d42e,461.186.2:::::55.255.255.255164.182,NDYxLjE4Ni4yOjo6Ojo1NS4yNTUuMjU1LjI1NTE2NC4xODI=,,
1775697668,,validity,ParseException,"Expected '.', found '1551551551251551'  (at char 3), (line:1, col:4)",pyparsing/core.py,1340,success,0,False,0.929933,../IPv4-IPv6-parser/bin/linux-ipv4-parser --ipstr 1551551551551251551251551255.255.255.25544188.159,bug:validity,881814cdae77d0104f7a7f54c4a580fe,1551551551551251551251551255.255.255.25544188.159,MTU1MTU1MTU1MTU1MTI1MTU1MTI1MTU1MTI1NS4yNTUuMjU1LjI1NTQ0EzE4OC4xNTk=,,
1775697688,,validity,ParseException,"Expected '.', found '9C919C9193'  (at char 3), (line:1, col:4)",pyparsing/core.py,1340,success,0,False,0.959205,../IPv4-IPv6-parser/bin/linux-ipv4-parser --ipstr 1919C919C9193.255.63.>4,bug:validity,8ef66b5e7a0c7c01f9cea24423305224,1919C�919C9193.255.63.>4,MTkxOUP/OTE5QzkxOTMuMjU1LjYzLj40,,
1775697689,,validity,ParseException,"Expected '.', found '\x1c'  (at char 1), (line:1, col:2)",pyparsing/core.py,1340,success,0,False,0.945143,"../IPv4-IPv6-parser/bin/linux-ipv4-parser --ipstr 2


55.@55.255.}2530.198.228.207",bug:validity,b224c5536a924aa0f977376e7c7e1b1b,2\n\n\n55.@55.255.}2530.198.228.207,MhwKCgoBNTUuQDU1LjI1NS59MjUzMC4xOTguMjI4LjIwNw==,,
1775697718,,validity,ParseException,"Expected '.', found ' '  (at char 8), (line:1, col:9)",pyparsing/core.py,1340,success,0,False,1.114478,../IPv4-IPv6-parser/bin/linux-ipv4-parser --ipstr 110.92.8  .2550.198.228.215.111.12////0.121,bug:validity,ed177fa8fee02a76b7cadea6cf98e0b7,110.92.8  .2550.198.228.215.111.12////0.121,MTEwLjkyLjggIC4yNTUwLjE5OC4yMjguMjE1LjExMS4xMi8vLy8wLjEyMQ==,,
1775697742,,validity,ParseException,"Expected '.', found '9C9'  (at char 3), (line:1, col:4)",pyparsing/core.py,1340,success,0,False,0.947583,../IPv4-IPv6-parser/bin/linux-ipv4-parser --ipstr 1919C993.255.63.>4,bug:validity,1dbc2cb94ddf925e096b39f6b71ed847,1919C993.255.63.>4,MTkxOUM5HTkzLjI1NS42My4+NA==,,
1775697756,,validity,ParseException,"Expected '.', found '1rA5'  (at char 2), (line:1, col:3)",pyparsing/core.py,1340,success,0,False,0.938722,../IPv4-IPv6-parser/bin/linux-ipv4-parser --ipstr 551rA5./////255.255.25544188.159,bug:validity,197e867c8d9b3f2c366efa38b44eb2ae,�551rA5./////255.255.25544188.159,/zU1MXJBNS4vLy8vLzI1NS4yNTUuMjU1NDQTMTg4LjE1OQ==,,
1775697759,,validity,ParseException,"Expected '.', found '9C5919C917D'  (at char 3), (line:1, col:4)",pyparsing/core.py,1340,success,0,False,0.933845,../IPv4-IPv6-parser/bin/linux-ipv4-parser --ipstr 1919C5919C917D.255.63.>4,bug:validity,66d603215f0b806a9f9735ad86531f1b,1919C5919C917D.255.63.>4,MTkxOUM1OTE5QzkxN0QuMjU1LjYzLj40,,
1775697791,,validity,ParseException,"Expected '.', found '516666'  (at char 7), (line:1, col:8)",pyparsing/core.py,1340,success,0,False,0.936841,../IPv4-IPv6-parser/bin/linux-ipv4-parser --ipstr 155.125516666,bug:validity,1eaa01e109c900445d93ff8d06ff4828,155.125516666,MTU1LjEyNTUxNjY2Ng==,,
1775697797,,validity,ParseException,"Expected '.', found '919193255Q63'  (at char 9), (line:1, col:10)",pyparsing/core.py,1340,success,0,False,0.931214,../IPv4-IPv6-parser/bin/linux-ipv4-parser --ipstr 84.64.191919193255Q63.64,bug:validity,f9f8ffcf3333cbbe421c2a836a872403,84.64.191919193�255Q63.64,ODQuNjQuMTkxOTE5MTkz/zI1NVE2My42NA==,,
1775697800,,validity,ParseException,"Expected '.', found 'n2554'  (at char 2), (line:1, col:3)",pyparsing/core.py,1340,success,0,False,0.912528,"../IPv4-IPv6-parser/bin/linux-ipv4-parser --ipstr 55n2554,,,,4188159",bug:validity,62890241e476ede929ca33954fbdd950,"55n2554,,,,4188159",NTVuMjU1NCwsLCw0EzE4OAExNTk=,,
1775697817,,validity,ParseException,"Expected '.', found 'E'  (at char 1), (line:1, col:2)",pyparsing/core.py,1340,success,0,False,0.935628,"../IPv4-IPv6-parser/bin/linux-ipv4-parser --ipstr 2E


295255.255.25},,50.198.228.207",bug:validity,ae6bdaf859319fe05aeeac31bbbecede,"2E\n\n\n295255.255.25},,50.198.228.207",MkUKCgoyOTUyNTUuMjU1LjI1fSwsNTAuMTk4LjIyOC4yMDc=,,
1775697827,,validity,ParseException,"Expected '.', found '\x04'  (at char 1), (line:1, col:2)",pyparsing/core.py,1340,success,0,False,0.933520,../IPv4-IPv6-parser/bin/linux-ipv4-parser --ipstr 191919193.255.63.64,bug:validity,a80d969747253dd0e38cead1293d2dea,191919193.255.63.64,MQQ5MTkxOTE5My4yNTUuNjMuNjQ=,,
1775697839,,validity,ParseException,"Expected '.', found '955525525525'  (at char 3), (line:1, col:4)",pyparsing/core.py,1340,success,0,False,0.932202,"../IPv4-IPv6-parser/bin/linux-ipv4-parser --ipstr 202955525525525...5.255.25},,5.198.228.207",bug:validity,fff4d69fb6cf17cfef463c227b595738,"202955525525525...5.255.25},,5.198.228.207",MjAyOTU1NTI1NTI1NTI1Li4uNS4yNTUuMjV9LCw1AS4xOTguMjI4LjIwNw==,,
1775697845,,validity,ParseException,"Expected '.', found '515'  (at char 5), (line:1, col:6)",pyparsing/core.py,1340,success,0,False,0.938020,../IPv4-IPv6-parser/bin/linux-ipv4-parser --ipstr 1.125515,bug:validity,a33c2a74ce7f2f0304bd641f4378db37,1.125515,MS4xMjU1MTU=,,
1775697869,,validity,ParseException,"Expected '.', found '9C9919C017D'  (at char 3), (line:1, col:4)",pyparsing/core.py,1340,success,0,False,0.950504,../IPv4-IPv6-parser/bin/linux-ipv4-parser --ipstr 1919C9919C017D.255.63.>4,bug:validity,dec5c6e4169aa52ea06522890360765e,1919C9919C017D.255.63.>4,MTkxOUM5OTE5QzAxN0QuMjU1LjYzLj40,,
1775697877,,validity,ParseException,"Expected '.', found '-'  (at char 4), (line:1, col:5)",pyparsing/core.py,1340,success,0,False,0.916289,../IPv4-IPv6-parser/bin/linux-ipv4-parser --ipstr 29.2--9127.0.0.1.29.29.12.48.3r55.255.255.25544188159,bug:validity,01e335a3f415062b14a2175a8f6aa3dd,29.2--9127.0.0.1.29.29.12.48.3r55.255.255.25544188159,MjkuMi0tOTEyNy4wLjAuMS4yOS4yOS4xMi40OC4zcjU1LjI1NS4yNTUuMjU1NDQTMTg4ATE1OQ==,,
1775697895,,validity,ParseException,"Expected '.', found '852552552552'  (at char 3), (line:1, col:4)",pyparsing/core.py,1340,success,0,False,0.954656,../IPv4-IPv6-parser/bin/linux-ipv4-parser --ipstr 202852552552552.228.207,bug:validity,474a794304a07a11b89785d5128c6c34,202852552552552.228.207,MjAyODUyNTUyNTUyNTUyLjIyOC4yMDc=,,
1775697918,,validity,ParseException,"Expected '.', found '9C9919C9'  (at char 3), (line:1, col:4)",pyparsing/core.py,1340,success,0,False,0.918027,../IPv4-IPv6-parser/bin/linux-ipv4-parser --ipstr 1919C9919C993.255.63.>4,bug:validity,0c437388e2c1a9252f160160f5859125,1919C9919C993.255.63.>4,MTkxOUM5OTE5QzkBOTMuMjU1LjYzLj40,,
1775697932,,validity,ParseException,"Expected '.', found '9525525525528555'  (at char 3), (line:1, col:4)",pyparsing/core.py,1340,success,0,False,0.959835,"../IPv4-IPv6-parser/bin/linux-ipv4-parser --ipstr 20295255255255285552855528555285.255.25},,5.198.228.207",bug:validity,e6a6a66b4a057e4ca13459e278adecbd,"20295255255255285552855528555285.255.25},,5.198.228.207",MjAyOTUyNTUyNTUyNTUyODU1NTI4NTU1Mjg1NTUyODUuMjU1LjI1fSwsNQEuMTk4LjIyOC4yMDc=,,
1775697932,,validity,ParseException,"Expected '.', found '555'  (at char 3), (line:1, col:4)",pyparsing/core.py,1340,success,0,False,0.940494,../IPv4-IPv6-parser/bin/linux-ipv4-parser --ipstr 20255555.255n2550.198228.27____,bug:validity,bac2a0a240cf928493e4e316265bf93c,20255555.255n2550.198�228.2�7____,MjAyNTU1fzU1LjI1NW4yNTUwLjE5OP8yMjguMv83X19fXw==,,
1775697938,,validity,ParseException,"Expected '.', found '50'  (at char 3), (line:1, col:4)",pyparsing/core.py,1340,success,0,False,0.974203,../IPv4-IPv6-parser/bin/linux-ipv4-parser --ipstr 12550.198.228.207,bug:validity,08b62a2a5ff4d661ee550a6df3d942fa,1��2550.198.228.207,MbL/MjU1MC4xOTguMjI4LjIwNw==,,
1775697942,,validity,ParseException,"Expected '.', found '2'  (at char 7), (line:1, col:8)",pyparsing/core.py,1340,success,0,False,0.949775,../IPv4-IPv6-parser/bin/linux-ipv4-parser --ipstr 161.1862:::::55.255.255.255164.182,bug:validity,2d78f10203e339e6f134dd48b68d215b,161.186�2:::::55.255.255.255164.182,MTYxLjE4Nv8yOjo6Ojo1NS4yNTUuMjU1LjI1NTE2NC4xODI=,,
1775697954,,validity,ParseException,"Expected '.', found 'O124rr'  (at char 2), (line:1, col:3)",pyparsing/core.py,1340,success,0,False,0.986302,../IPv4-IPv6-parser/bin/linux-ipv4-parser --ipstr 29O124rr.255.25525544188.159,bug:validity,8b1f7cb59763253b3cb050a79d656b86,29O12�4r��r�.255.255�25544188.159,MjlPMTL/NHL/gHJ//y4yNTUuMjU1/zI1NTQ0EzE4OC4xNTk=,,
1775697958,,validity,ParseException,"Expected '.', found '9C9173'  (at char 3), (line:1, col:4)",pyparsing/core.py,1340,success,0,False,0.931465,../IPv4-IPv6-parser/bin/linux-ipv4-parser --ipstr 1919C9173.255.63.>4,bug:validity,114e15cf9b6e017161c268581b22639f,1919C9173.255.63.>4,MTkxOUM5MTczLjI1NS42My4+NA==,,
